[debug] [2026-01-20T07:14:38.752Z] ----------------------------------------------------------------------
[debug] [2026-01-20T07:14:38.755Z] Command:       C:\Program Files\nodejs\node.exe C:\Users\Admin\AppData\Roaming\npm\node_modules\firebase-tools\lib\bin\firebase.js deploy --only functions,firestore
[debug] [2026-01-20T07:14:38.755Z] CLI Version:   15.3.1
[debug] [2026-01-20T07:14:38.755Z] Platform:      win32
[debug] [2026-01-20T07:14:38.755Z] Node Version:  v24.13.0
[debug] [2026-01-20T07:14:38.755Z] Time:          Tue Jan 20 2026 12:44:38 GMT+0530 (India Standard Time)
[debug] [2026-01-20T07:14:38.756Z] ----------------------------------------------------------------------
[debug] 
[debug] [2026-01-20T07:14:40.470Z] > command requires scopes: ["email","openid","https://www.googleapis.com/auth/cloudplatformprojects.readonly","https://www.googleapis.com/auth/firebase","https://www.googleapis.com/auth/cloud-platform"]
[debug] [2026-01-20T07:14:40.470Z] > authorizing via signed-in user (raahedeen.in@gmail.com)
[debug] [2026-01-20T07:14:40.470Z] [iam] checking project raahedeen-in-prod for permissions ["cloudfunctions.functions.create","cloudfunctions.functions.delete","cloudfunctions.functions.get","cloudfunctions.functions.list","cloudfunctions.functions.update","cloudfunctions.operations.get","datastore.indexes.create","datastore.indexes.delete","datastore.indexes.list","datastore.indexes.update","firebase.projects.get"]
[debug] [2026-01-20T07:14:40.471Z] Checked if tokens are valid: true, expires at: 1768896130301
[debug] [2026-01-20T07:14:40.471Z] Checked if tokens are valid: true, expires at: 1768896130301
[debug] [2026-01-20T07:14:40.472Z] >>> [apiv2][query] POST https://cloudresourcemanager.googleapis.com/v1/projects/raahedeen-in-prod:testIamPermissions [none]
[debug] [2026-01-20T07:14:40.472Z] >>> [apiv2][(partial)header] POST https://cloudresourcemanager.googleapis.com/v1/projects/raahedeen-in-prod:testIamPermissions x-goog-quota-user=projects/raahedeen-in-prod
[debug] [2026-01-20T07:14:40.472Z] >>> [apiv2][body] POST https://cloudresourcemanager.googleapis.com/v1/projects/raahedeen-in-prod:testIamPermissions {"permissions":["cloudfunctions.functions.create","cloudfunctions.functions.delete","cloudfunctions.functions.get","cloudfunctions.functions.list","cloudfunctions.functions.update","cloudfunctions.operations.get","datastore.indexes.create","datastore.indexes.delete","datastore.indexes.list","datastore.indexes.update","firebase.projects.get"]}
[debug] [2026-01-20T07:14:41.748Z] <<< [apiv2][status] POST https://cloudresourcemanager.googleapis.com/v1/projects/raahedeen-in-prod:testIamPermissions 200
[debug] [2026-01-20T07:14:41.748Z] <<< [apiv2][body] POST https://cloudresourcemanager.googleapis.com/v1/projects/raahedeen-in-prod:testIamPermissions {"permissions":["cloudfunctions.functions.create","cloudfunctions.functions.delete","cloudfunctions.functions.get","cloudfunctions.functions.list","cloudfunctions.functions.update","cloudfunctions.operations.get","datastore.indexes.create","datastore.indexes.delete","datastore.indexes.list","datastore.indexes.update","firebase.projects.get"]}
[debug] [2026-01-20T07:14:41.748Z] Checked if tokens are valid: true, expires at: 1768896130301
[debug] [2026-01-20T07:14:41.748Z] Checked if tokens are valid: true, expires at: 1768896130301
[debug] [2026-01-20T07:14:41.748Z] >>> [apiv2][query] POST https://iam.googleapis.com/v1/projects/raahedeen-in-prod/serviceAccounts/raahedeen-in-prod@appspot.gserviceaccount.com:testIamPermissions [none]
[debug] [2026-01-20T07:14:41.748Z] >>> [apiv2][body] POST https://iam.googleapis.com/v1/projects/raahedeen-in-prod/serviceAccounts/raahedeen-in-prod@appspot.gserviceaccount.com:testIamPermissions {"permissions":["iam.serviceAccounts.actAs"]}
[debug] [2026-01-20T07:14:43.297Z] <<< [apiv2][status] POST https://iam.googleapis.com/v1/projects/raahedeen-in-prod/serviceAccounts/raahedeen-in-prod@appspot.gserviceaccount.com:testIamPermissions 200
[debug] [2026-01-20T07:14:43.297Z] <<< [apiv2][body] POST https://iam.googleapis.com/v1/projects/raahedeen-in-prod/serviceAccounts/raahedeen-in-prod@appspot.gserviceaccount.com:testIamPermissions {"permissions":["iam.serviceAccounts.actAs"]}
[info] 
[info] === Deploying to 'raahedeen-in-prod'...
[info] 
[info] i  deploying firestore, functions 
[info] i  firestore: ensuring required API firestore.googleapis.com is enabled... 
[info] i  firestore: ensuring required API firestore.googleapis.com is enabled... 
[debug] [2026-01-20T07:14:43.301Z] Checked if tokens are valid: true, expires at: 1768896130301
[debug] [2026-01-20T07:14:43.301Z] Checked if tokens are valid: true, expires at: 1768896130301
[debug] [2026-01-20T07:14:43.301Z] >>> [apiv2][query] GET https://firestore.googleapis.com/v1/projects/raahedeen-in-prod/databases/(default) [none]
[debug] [2026-01-20T07:14:43.661Z] <<< [apiv2][status] GET https://firestore.googleapis.com/v1/projects/raahedeen-in-prod/databases/(default) 200
[debug] [2026-01-20T07:14:43.661Z] <<< [apiv2][body] GET https://firestore.googleapis.com/v1/projects/raahedeen-in-prod/databases/(default) {"name":"projects/raahedeen-in-prod/databases/(default)","uid":"fb575fc3-4b5b-429a-99f4-8f87bbab480a","createTime":"2026-01-18T10:43:43.525282Z","updateTime":"2026-01-18T10:43:43.525282Z","locationId":"asia-south1","type":"FIRESTORE_NATIVE","concurrencyMode":"PESSIMISTIC","versionRetentionPeriod":"3600s","earliestVersionTime":"2026-01-20T06:14:42.316432Z","appEngineIntegrationMode":"DISABLED","keyPrefix":"j","pointInTimeRecoveryEnablement":"POINT_IN_TIME_RECOVERY_DISABLED","deleteProtectionState":"DELETE_PROTECTION_DISABLED","databaseEdition":"STANDARD","freeTier":true,"realtimeUpdatesMode":"REALTIME_UPDATES_MODE_ENABLED","etag":"IP/b8/3ImZIDMMOIrej1lJID"}
[info] i  cloud.firestore: checking firestore.rules for compilation errors... 
[debug] [2026-01-20T07:14:43.662Z] Checked if tokens are valid: true, expires at: 1768896130301
[debug] [2026-01-20T07:14:43.662Z] Checked if tokens are valid: true, expires at: 1768896130301
[debug] [2026-01-20T07:14:43.662Z] >>> [apiv2][query] POST https://firebaserules.googleapis.com/v1/projects/raahedeen-in-prod:test [none]
[debug] [2026-01-20T07:14:43.662Z] >>> [apiv2][body] POST https://firebaserules.googleapis.com/v1/projects/raahedeen-in-prod:test [omitted]
[debug] [2026-01-20T07:14:45.035Z] <<< [apiv2][status] POST https://firebaserules.googleapis.com/v1/projects/raahedeen-in-prod:test 200
[debug] [2026-01-20T07:14:45.035Z] <<< [apiv2][body] POST https://firebaserules.googleapis.com/v1/projects/raahedeen-in-prod:test {}
[info] +  cloud.firestore: rules file firestore.rules compiled successfully 
[debug] [2026-01-20T07:14:45.037Z] Checked if tokens are valid: true, expires at: 1768896130301
[debug] [2026-01-20T07:14:45.037Z] Checked if tokens are valid: true, expires at: 1768896130301
[debug] [2026-01-20T07:14:45.037Z] >>> [apiv2][query] GET https://cloudresourcemanager.googleapis.com/v1/projects/raahedeen-in-prod [none]
[debug] [2026-01-20T07:14:45.309Z] <<< [apiv2][status] GET https://cloudresourcemanager.googleapis.com/v1/projects/raahedeen-in-prod 200
[debug] [2026-01-20T07:14:45.309Z] <<< [apiv2][body] GET https://cloudresourcemanager.googleapis.com/v1/projects/raahedeen-in-prod {"projectNumber":"856086369170","projectId":"raahedeen-in-prod","lifecycleState":"ACTIVE","name":"raahedeen-in-prod","labels":{"firebase":"enabled","firebase-core":"disabled"},"createTime":"2026-01-18T10:39:37.824260Z"}
[info] i  functions: preparing codebase default for deployment 
[info] i  functions: ensuring required API cloudfunctions.googleapis.com is enabled... 
[info] i  functions: ensuring required API cloudbuild.googleapis.com is enabled... 
[info] i  artifactregistry: ensuring required API artifactregistry.googleapis.com is enabled... 
[debug] [2026-01-20T07:14:45.311Z] Checked if tokens are valid: true, expires at: 1768896130301
[debug] [2026-01-20T07:14:45.311Z] Checked if tokens are valid: true, expires at: 1768896130301
[debug] [2026-01-20T07:14:45.311Z] >>> [apiv2][query] GET https://firebase.googleapis.com/v1beta1/projects/raahedeen-in-prod/adminSdkConfig [none]
[debug] [2026-01-20T07:14:45.738Z] <<< [apiv2][status] GET https://firebase.googleapis.com/v1beta1/projects/raahedeen-in-prod/adminSdkConfig 200
[debug] [2026-01-20T07:14:45.738Z] <<< [apiv2][body] GET https://firebase.googleapis.com/v1beta1/projects/raahedeen-in-prod/adminSdkConfig {"projectId":"raahedeen-in-prod","storageBucket":"raahedeen-in-prod.firebasestorage.app"}
[debug] [2026-01-20T07:14:45.739Z] Checked if tokens are valid: true, expires at: 1768896130301
[debug] [2026-01-20T07:14:45.739Z] Checked if tokens are valid: true, expires at: 1768896130301
[debug] [2026-01-20T07:14:45.739Z] >>> [apiv2][query] GET https://runtimeconfig.googleapis.com/v1beta1/projects/raahedeen-in-prod/configs [none]
[debug] [2026-01-20T07:14:46.142Z] <<< [apiv2][status] GET https://runtimeconfig.googleapis.com/v1beta1/projects/raahedeen-in-prod/configs 200
[debug] [2026-01-20T07:14:46.142Z] <<< [apiv2][body] GET https://runtimeconfig.googleapis.com/v1beta1/projects/raahedeen-in-prod/configs {}
[debug] [2026-01-20T07:14:46.143Z] Validating nodejs source
[warn] !  functions: package.json indicates an outdated version of firebase-functions. Please upgrade using npm install --save firebase-functions@latest in your functions directory. 
[warn] !  functions: Please note that there will be breaking changes when you upgrade. 
[debug] [2026-01-20T07:14:46.889Z] > [functions] package.json contents: {
  "name": "functions",
  "description": "Cloud Functions for Firebase",
  "scripts": {
    "lint": "eslint .",
    "serve": "firebase emulators:start --only functions",
    "build": "tsc",
    "deploy": "firebase deploy --only functions",
    "logs": "firebase functions:log"
  },
  "engines": {
    "node": "20"
  },
  "main": "lib/index.js",
  "dependencies": {
    "firebase-admin": "^12.0.0",
    "firebase-functions": "^5.0.0"
  },
  "devDependencies": {
    "eslint": "^8.15.0",
    "eslint-config-google": "^0.14.0",
    "typescript": "^5.0.0"
  },
  "private": true
}
[debug] [2026-01-20T07:14:46.889Z] Building nodejs source
[info] i  functions: Loading and analyzing source code for codebase default to determine what to deploy 
[debug] [2026-01-20T07:14:46.890Z] Could not find functions.yaml. Must use http discovery
[debug] [2026-01-20T07:14:46.898Z] Found firebase-functions binary at 'C:\xampp2\htdocs\raahedeen\backend\functions\node_modules\.bin\firebase-functions'
[info] Serving at port 8219

[debug] [2026-01-20T07:14:47.544Z] Got response from /__/functions.yaml {"endpoints":{"computeFinder":{"platform":"gcfv1","labels":{},"availableMemoryMb":null,"timeoutSeconds":null,"minInstances":null,"maxInstances":null,"ingressSettings":null,"serviceAccountEmail":null,"vpc":null,"region":["asia-south1"],"callableTrigger":{},"entryPoint":"computeFinder"},"sendBroadcast":{"platform":"gcfv1","labels":{},"availableMemoryMb":null,"timeoutSeconds":null,"minInstances":null,"maxInstances":null,"ingressSettings":null,"serviceAccountEmail":null,"vpc":null,"region":["asia-south1"],"callableTrigger":{},"entryPoint":"sendBroadcast"},"onAuthCreate":{"platform":"gcfv1","availableMemoryMb":null,"timeoutSeconds":null,"minInstances":null,"maxInstances":null,"ingressSettings":null,"serviceAccountEmail":null,"vpc":null,"region":["asia-south1"],"eventTrigger":{"eventType":"providers/firebase.auth/eventTypes/user.create","eventFilters":{"resource":"projects/raahedeen-in-prod"},"retry":false},"labels":{},"entryPoint":"onAuthCreate"},"setAdminRole":{"platform":"gcfv1","labels":{},"availableMemoryMb":null,"timeoutSeconds":null,"minInstances":null,"maxInstances":null,"ingressSettings":null,"serviceAccountEmail":null,"vpc":null,"region":["asia-south1"],"callableTrigger":{},"entryPoint":"setAdminRole"},"listUsers":{"platform":"gcfv1","labels":{},"availableMemoryMb":null,"timeoutSeconds":null,"minInstances":null,"maxInstances":null,"ingressSettings":null,"serviceAccountEmail":null,"vpc":null,"region":["asia-south1"],"callableTrigger":{},"entryPoint":"listUsers"},"makeAdmin":{"platform":"gcfv1","labels":{},"availableMemoryMb":null,"timeoutSeconds":null,"minInstances":null,"maxInstances":null,"ingressSettings":null,"serviceAccountEmail":null,"vpc":null,"region":["asia-south1"],"callableTrigger":{},"entryPoint":"makeAdmin"},"bootstrapSeed":{"platform":"gcfv1","labels":{},"availableMemoryMb":null,"timeoutSeconds":null,"minInstances":null,"maxInstances":null,"ingressSettings":null,"serviceAccountEmail":null,"vpc":null,"region":["asia-south1"],"callableTrigger":{},"entryPoint":"bootstrapSeed"}},"specVersion":"v1alpha1","requiredAPIs":[],"extensions":{}}
[info] i  extensions: ensuring required API firebaseextensions.googleapis.com is enabled... 
[debug] [2026-01-20T07:14:51.578Z] Checked if tokens are valid: true, expires at: 1768896130301
[debug] [2026-01-20T07:14:51.578Z] Checked if tokens are valid: true, expires at: 1768896130301
[debug] [2026-01-20T07:14:51.578Z] >>> [apiv2][query] GET https://serviceusage.googleapis.com/v1/projects/raahedeen-in-prod/services/firebaseextensions.googleapis.com [none]
[debug] [2026-01-20T07:14:51.578Z] >>> [apiv2][(partial)header] GET https://serviceusage.googleapis.com/v1/projects/raahedeen-in-prod/services/firebaseextensions.googleapis.com x-goog-quota-user=projects/raahedeen-in-prod
[debug] [2026-01-20T07:14:53.156Z] <<< [apiv2][status] GET https://serviceusage.googleapis.com/v1/projects/raahedeen-in-prod/services/firebaseextensions.googleapis.com 200
[debug] [2026-01-20T07:14:53.156Z] <<< [apiv2][body] GET https://serviceusage.googleapis.com/v1/projects/raahedeen-in-prod/services/firebaseextensions.googleapis.com [omitted]
[warn] !  extensions: missing required API firebaseextensions.googleapis.com. Enabling now... 
[debug] [2026-01-20T07:14:53.157Z] Checked if tokens are valid: true, expires at: 1768896130301
[debug] [2026-01-20T07:14:53.157Z] Checked if tokens are valid: true, expires at: 1768896130301
[debug] [2026-01-20T07:14:53.157Z] >>> [apiv2][query] POST https://serviceusage.googleapis.com/v1/projects/raahedeen-in-prod/services/firebaseextensions.googleapis.com:enable [none]
[debug] [2026-01-20T07:14:53.157Z] >>> [apiv2][(partial)header] POST https://serviceusage.googleapis.com/v1/projects/raahedeen-in-prod/services/firebaseextensions.googleapis.com:enable x-goog-quota-user=projects/raahedeen-in-prod
[debug] [2026-01-20T07:14:54.858Z] <<< [apiv2][status] POST https://serviceusage.googleapis.com/v1/projects/raahedeen-in-prod/services/firebaseextensions.googleapis.com:enable 200
[debug] [2026-01-20T07:14:54.858Z] <<< [apiv2][body] POST https://serviceusage.googleapis.com/v1/projects/raahedeen-in-prod/services/firebaseextensions.googleapis.com:enable [omitted]
[debug] [2026-01-20T07:15:04.868Z] > command requires scopes: ["email","openid","https://www.googleapis.com/auth/cloudplatformprojects.readonly","https://www.googleapis.com/auth/firebase","https://www.googleapis.com/auth/cloud-platform"]
[debug] [2026-01-20T07:15:04.869Z] > authorizing via signed-in user (raahedeen.in@gmail.com)
[debug] [2026-01-20T07:15:04.869Z] [iam] checking project raahedeen-in-prod for permissions ["firebase.projects.get","firebaseextensions.instances.list"]
[debug] [2026-01-20T07:15:04.869Z] Checked if tokens are valid: true, expires at: 1768896130301
[debug] [2026-01-20T07:15:04.869Z] Checked if tokens are valid: true, expires at: 1768896130301
[debug] [2026-01-20T07:15:04.869Z] >>> [apiv2][query] POST https://cloudresourcemanager.googleapis.com/v1/projects/raahedeen-in-prod:testIamPermissions [none]
[debug] [2026-01-20T07:15:04.869Z] >>> [apiv2][(partial)header] POST https://cloudresourcemanager.googleapis.com/v1/projects/raahedeen-in-prod:testIamPermissions x-goog-quota-user=projects/raahedeen-in-prod
[debug] [2026-01-20T07:15:04.869Z] >>> [apiv2][body] POST https://cloudresourcemanager.googleapis.com/v1/projects/raahedeen-in-prod:testIamPermissions {"permissions":["firebase.projects.get","firebaseextensions.instances.list"]}
[debug] [2026-01-20T07:15:06.133Z] <<< [apiv2][status] POST https://cloudresourcemanager.googleapis.com/v1/projects/raahedeen-in-prod:testIamPermissions 200
[debug] [2026-01-20T07:15:06.133Z] <<< [apiv2][body] POST https://cloudresourcemanager.googleapis.com/v1/projects/raahedeen-in-prod:testIamPermissions {"permissions":["firebase.projects.get","firebaseextensions.instances.list"]}
[debug] [2026-01-20T07:15:06.133Z] Checked if tokens are valid: true, expires at: 1768896130301
[debug] [2026-01-20T07:15:06.133Z] Checked if tokens are valid: true, expires at: 1768896130301
[debug] [2026-01-20T07:15:06.133Z] >>> [apiv2][query] GET https://firebaseextensions.googleapis.com/v1beta/projects/raahedeen-in-prod/instances pageSize=100&pageToken=
[debug] [2026-01-20T07:15:08.644Z] <<< [apiv2][status] GET https://firebaseextensions.googleapis.com/v1beta/projects/raahedeen-in-prod/instances 200
[debug] [2026-01-20T07:15:08.645Z] <<< [apiv2][body] GET https://firebaseextensions.googleapis.com/v1beta/projects/raahedeen-in-prod/instances {}
[info] i  functions: preparing functions directory for uploading... 
[info] i  functions: packaged C:\xampp2\htdocs\raahedeen\backend\functions (59.82 KB) for uploading 
[debug] [2026-01-20T07:15:08.695Z] Checked if tokens are valid: true, expires at: 1768896130301
[debug] [2026-01-20T07:15:08.695Z] Checked if tokens are valid: true, expires at: 1768896130301
[debug] [2026-01-20T07:15:08.695Z] >>> [apiv2][query] GET https://cloudfunctions.googleapis.com/v1/projects/raahedeen-in-prod/locations/-/functions [none]
[debug] [2026-01-20T07:15:09.505Z] <<< [apiv2][status] GET https://cloudfunctions.googleapis.com/v1/projects/raahedeen-in-prod/locations/-/functions 200
[debug] [2026-01-20T07:15:09.506Z] <<< [apiv2][body] GET https://cloudfunctions.googleapis.com/v1/projects/raahedeen-in-prod/locations/-/functions {}
[debug] [2026-01-20T07:15:09.506Z] Checked if tokens are valid: true, expires at: 1768896130301
[debug] [2026-01-20T07:15:09.506Z] Checked if tokens are valid: true, expires at: 1768896130301
[debug] [2026-01-20T07:15:09.506Z] >>> [apiv2][query] GET https://cloudfunctions.googleapis.com/v2/projects/raahedeen-in-prod/locations/-/functions filter=environment%3D%22GEN_2%22
[debug] [2026-01-20T07:15:11.105Z] <<< [apiv2][status] GET https://cloudfunctions.googleapis.com/v2/projects/raahedeen-in-prod/locations/-/functions 200
[debug] [2026-01-20T07:15:11.105Z] <<< [apiv2][body] GET https://cloudfunctions.googleapis.com/v2/projects/raahedeen-in-prod/locations/-/functions {}
[debug] [2026-01-20T07:15:11.108Z] Checked if tokens are valid: true, expires at: 1768896130301
[debug] [2026-01-20T07:15:11.108Z] Checked if tokens are valid: true, expires at: 1768896130301
[debug] [2026-01-20T07:15:11.108Z] >>> [apiv2][query] GET https://cloudresourcemanager.googleapis.com/v1/projects/raahedeen-in-prod [none]
[debug] [2026-01-20T07:15:11.401Z] <<< [apiv2][status] GET https://cloudresourcemanager.googleapis.com/v1/projects/raahedeen-in-prod 200
[debug] [2026-01-20T07:15:11.401Z] <<< [apiv2][body] GET https://cloudresourcemanager.googleapis.com/v1/projects/raahedeen-in-prod {"projectNumber":"856086369170","projectId":"raahedeen-in-prod","lifecycleState":"ACTIVE","name":"raahedeen-in-prod","labels":{"firebase":"enabled","firebase-core":"disabled"},"createTime":"2026-01-18T10:39:37.824260Z"}
[debug] [2026-01-20T07:15:11.402Z] Checked if tokens are valid: true, expires at: 1768896130301
[debug] [2026-01-20T07:15:11.402Z] Checked if tokens are valid: true, expires at: 1768896130301
[debug] [2026-01-20T07:15:11.402Z] >>> [apiv2][query] GET https://firebaserules.googleapis.com/v1/projects/raahedeen-in-prod/releases pageSize=10&pageToken=
[debug] [2026-01-20T07:15:11.919Z] <<< [apiv2][status] GET https://firebaserules.googleapis.com/v1/projects/raahedeen-in-prod/releases 200
[debug] [2026-01-20T07:15:11.919Z] <<< [apiv2][body] GET https://firebaserules.googleapis.com/v1/projects/raahedeen-in-prod/releases {"releases":[{"name":"projects/raahedeen-in-prod/releases/cloud.firestore","rulesetName":"projects/raahedeen-in-prod/rulesets/3209f73c-bdd4-4861-a557-17dfd65b6183","createTime":"2026-01-18T10:43:51.353441Z","updateTime":"2026-01-18T10:43:51.353441Z"}]}
[debug] [2026-01-20T07:15:11.920Z] Checked if tokens are valid: true, expires at: 1768896130301
[debug] [2026-01-20T07:15:11.920Z] Checked if tokens are valid: true, expires at: 1768896130301
[debug] [2026-01-20T07:15:11.920Z] >>> [apiv2][query] GET https://firebaserules.googleapis.com/v1/projects/raahedeen-in-prod/rulesets/3209f73c-bdd4-4861-a557-17dfd65b6183 [none]
[debug] [2026-01-20T07:15:13.136Z] <<< [apiv2][status] GET https://firebaserules.googleapis.com/v1/projects/raahedeen-in-prod/rulesets/3209f73c-bdd4-4861-a557-17dfd65b6183 200
[debug] [2026-01-20T07:15:13.136Z] <<< [apiv2][body] GET https://firebaserules.googleapis.com/v1/projects/raahedeen-in-prod/rulesets/3209f73c-bdd4-4861-a557-17dfd65b6183 [omitted]
[info] i  firestore: uploading rules firestore.rules... 
[debug] [2026-01-20T07:15:13.137Z] Checked if tokens are valid: true, expires at: 1768896130301
[debug] [2026-01-20T07:15:13.138Z] Checked if tokens are valid: true, expires at: 1768896130301
[debug] [2026-01-20T07:15:13.138Z] >>> [apiv2][query] POST https://firebaserules.googleapis.com/v1/projects/raahedeen-in-prod/rulesets [none]
[debug] [2026-01-20T07:15:13.138Z] >>> [apiv2][body] POST https://firebaserules.googleapis.com/v1/projects/raahedeen-in-prod/rulesets [omitted]
[debug] [2026-01-20T07:15:14.407Z] <<< [apiv2][status] POST https://firebaserules.googleapis.com/v1/projects/raahedeen-in-prod/rulesets 200
[debug] [2026-01-20T07:15:14.407Z] <<< [apiv2][body] POST https://firebaserules.googleapis.com/v1/projects/raahedeen-in-prod/rulesets {"name":"projects/raahedeen-in-prod/rulesets/86fd0e77-3036-46f2-92e1-8b9aa4437f16","source":{"files":[{"content":"rules_version = '2';\r\nservice cloud.firestore {\r\n  match /databases/{database}/documents {\r\n\r\n    // ===========\r\n    //  Helper Functions\r\n    // ===========\r\n    function isSignedIn() {\r\n      return request.auth != null;\r\n    }\r\n\r\n    function isAdmin() {\r\n      return isSignedIn() && request.auth.token.role == 'admin';\r\n    }\r\n\r\n    function isOwner(uid) {\r\n      return isSignedIn() && request.auth.uid == uid;\r\n    }\r\n\r\n    // ===========\r\n    //  Admin & User Data\r\n    // ===========\r\n    match /users/{uid} {\r\n      // Admins can read/write any user doc.\r\n      // Users can only read/update their own doc.\r\n      allow read, write: if isAdmin();\r\n      allow read, update: if isOwner(uid);\r\n    }\r\n\r\n    match /user_settings/{uid} {\r\n      // Users can manage their own settings. Admins can too.\r\n      allow read, write: if isOwner(uid) || isAdmin();\r\n    }\r\n\r\n    // ===========\r\n    //  Public & Admin-Managed Content\r\n    // ===========\r\n    match /app_settings/{docId} {\r\n      // Everyone can read settings. Only admins can write.\r\n      allow read: if true;\r\n      allow write: if isAdmin();\r\n    }\r\n\r\n    match /audiobookChapters/{docId} {\r\n      allow read: if true;\r\n      allow write: if isAdmin();\r\n    }\r\n\r\n    match /products/{productId} {\r\n      allow read: if true;\r\n      allow write: if isAdmin();\r\n\r\n      match /faqs/{faqId} {\r\n        allow read: if true;\r\n        allow write: if isAdmin();\r\n      }\r\n    }\r\n\r\n    match /duas/{docId} {\r\n      allow read: if true;\r\n      allow write: if isAdmin();\r\n    }\r\n\r\n    match /finderRules/{docId} {\r\n      allow read: if true;\r\n      allow write: if isAdmin();\r\n    }\r\n\r\n    // ===========\r\n    //  User-Generated Content\r\n    // ===========\r\n    match /gemstoneRequests/{docId} {\r\n      // Users can create requests for themselves.\r\n      allow create: if isSignedIn() && request.resource.data.uid == request.auth.uid;\r\n      // Admins can read all requests. Users can only read their own.\r\n      allow read: if isAdmin() || isOwner(resource.data.uid);\r\n      // Only admins can update status, etc.\r\n      allow update: if isAdmin();\r\n      // Users should not be able to delete their requests.\r\n      allow delete: if isAdmin();\r\n    }\r\n\r\n    match /playback_progress/{docId} {\r\n        allow read, write: if isOwner(request.resource.data.uid);\r\n    }\r\n\r\n    match /tasbeeh_history/{docId} {\r\n        allow read, write: if isOwner(request.resource.data.uid);\r\n    }\r\n  }\r\n}\r\n","name":"firestore.rules"}]},"createTime":"2026-01-20T07:15:12.950543Z","metadata":{"services":["cloud.firestore"]}}
[debug] [2026-01-20T07:15:14.407Z] [rules] created ruleset projects/raahedeen-in-prod/rulesets/86fd0e77-3036-46f2-92e1-8b9aa4437f16
[info] i  firestore: deploying indexes... 
[debug] [2026-01-20T07:15:14.408Z] Checked if tokens are valid: true, expires at: 1768896130301
[debug] [2026-01-20T07:15:14.408Z] Checked if tokens are valid: true, expires at: 1768896130301
[debug] [2026-01-20T07:15:14.408Z] >>> [apiv2][query] GET https://cloudbilling.googleapis.com/v1/projects/raahedeen-in-prod/billingInfo [none]
[debug] [2026-01-20T07:15:15.774Z] <<< [apiv2][status] GET https://cloudbilling.googleapis.com/v1/projects/raahedeen-in-prod/billingInfo 200
[debug] [2026-01-20T07:15:15.774Z] <<< [apiv2][body] GET https://cloudbilling.googleapis.com/v1/projects/raahedeen-in-prod/billingInfo {"name":"projects/raahedeen-in-prod/billingInfo","projectId":"raahedeen-in-prod","billingAccountName":"billingAccounts/016C18-ED417F-136867","billingEnabled":true}
[debug] [2026-01-20T07:15:15.775Z] Checked if tokens are valid: true, expires at: 1768896130301
[debug] [2026-01-20T07:15:15.775Z] Checked if tokens are valid: true, expires at: 1768896130301
[debug] [2026-01-20T07:15:15.775Z] >>> [apiv2][query] POST https://cloudfunctions.googleapis.com/v1/projects/raahedeen-in-prod/locations/asia-south1/functions:generateUploadUrl [none]
[debug] [2026-01-20T07:15:15.775Z] >>> [apiv2][body] POST https://cloudfunctions.googleapis.com/v1/projects/raahedeen-in-prod/locations/asia-south1/functions:generateUploadUrl {}
[debug] [2026-01-20T07:15:49.542Z] <<< [apiv2][status] POST https://cloudfunctions.googleapis.com/v1/projects/raahedeen-in-prod/locations/asia-south1/functions:generateUploadUrl 200
[debug] [2026-01-20T07:15:49.542Z] <<< [apiv2][body] POST https://cloudfunctions.googleapis.com/v1/projects/raahedeen-in-prod/locations/asia-south1/functions:generateUploadUrl {"uploadUrl":"https://storage.googleapis.com/uploads-1078618715272.asia-south1.cloudfunctions.appspot.com/639d2add-6cd1-4677-8693-61e32dc3679b.zip?GoogleAccessId=service-856086369170@gcf-admin-robot.iam.gserviceaccount.com&Expires=1768895148&Signature=V8Nbxa4Icg7NextjUdJUuazR4uuxb7e9O2B4yGbHm0V8rdINxFABxdqerHCJ06BP5TaalJ1YJCwELhGwaz%2FNdYtf3QprZZEIxT7NPgmsjqyTqcGmDD8RyV4Cfd4pDW4BUW8HzgRrbbi26uisRPJoiAlW%2FME%2BEuif5P1SLGRQG0ad9hlBmKCZFpuiCk1WwhBhyl911THcFVqVatvemH3%2BX7sweMydJUzhX1nPo9nGZ9mARHsh33UJAoBddSugh8XVSrn6tZbALyQXXNUyFQMN9nowYEadJuJUqsM%2FdOaB0ZsxntPPS6x4y24Gdy86gfwmKcjvoiHFobejksACPgR83w%3D%3D"}
[debug] [2026-01-20T07:15:49.542Z] >>> [apiv2][query] PUT https://storage.googleapis.com/uploads-1078618715272.asia-south1.cloudfunctions.appspot.com/639d2add-6cd1-4677-8693-61e32dc3679b.zip GoogleAccessId=service-856086369170%40gcf-admin-robot.iam.gserviceaccount.com&Expires=1768895148&Signature=V8Nbxa4Icg7NextjUdJUuazR4uuxb7e9O2B4yGbHm0V8rdINxFABxdqerHCJ06BP5TaalJ1YJCwELhGwaz%2FNdYtf3QprZZEIxT7NPgmsjqyTqcGmDD8RyV4Cfd4pDW4BUW8HzgRrbbi26uisRPJoiAlW%2FME%2BEuif5P1SLGRQG0ad9hlBmKCZFpuiCk1WwhBhyl911THcFVqVatvemH3%2BX7sweMydJUzhX1nPo9nGZ9mARHsh33UJAoBddSugh8XVSrn6tZbALyQXXNUyFQMN9nowYEadJuJUqsM%2FdOaB0ZsxntPPS6x4y24Gdy86gfwmKcjvoiHFobejksACPgR83w%3D%3D
[debug] [2026-01-20T07:15:49.543Z] >>> [apiv2][body] PUT https://storage.googleapis.com/uploads-1078618715272.asia-south1.cloudfunctions.appspot.com/639d2add-6cd1-4677-8693-61e32dc3679b.zip [stream]
[debug] [2026-01-20T07:15:49.965Z] <<< [apiv2][status] PUT https://storage.googleapis.com/uploads-1078618715272.asia-south1.cloudfunctions.appspot.com/639d2add-6cd1-4677-8693-61e32dc3679b.zip 200
[debug] [2026-01-20T07:15:49.965Z] <<< [apiv2][body] PUT https://storage.googleapis.com/uploads-1078618715272.asia-south1.cloudfunctions.appspot.com/639d2add-6cd1-4677-8693-61e32dc3679b.zip [omitted]
[info] +  functions: functions source uploaded successfully 
[debug] [2026-01-20T07:15:49.965Z] [rules] releasing cloud.firestore/(default) with ruleset projects/raahedeen-in-prod/rulesets/86fd0e77-3036-46f2-92e1-8b9aa4437f16
[debug] [2026-01-20T07:15:49.965Z] Checked if tokens are valid: true, expires at: 1768896130301
[debug] [2026-01-20T07:15:49.965Z] Checked if tokens are valid: true, expires at: 1768896130301
[debug] [2026-01-20T07:15:49.966Z] >>> [apiv2][query] PATCH https://firebaserules.googleapis.com/v1/projects/raahedeen-in-prod/releases/cloud.firestore/(default) [none]
[debug] [2026-01-20T07:15:49.966Z] >>> [apiv2][body] PATCH https://firebaserules.googleapis.com/v1/projects/raahedeen-in-prod/releases/cloud.firestore/(default) {"release":{"name":"projects/raahedeen-in-prod/releases/cloud.firestore/(default)","rulesetName":"projects/raahedeen-in-prod/rulesets/86fd0e77-3036-46f2-92e1-8b9aa4437f16"}}
[debug] [2026-01-20T07:15:50.356Z] <<< [apiv2][status] PATCH https://firebaserules.googleapis.com/v1/projects/raahedeen-in-prod/releases/cloud.firestore/(default) 200
[debug] [2026-01-20T07:15:50.356Z] <<< [apiv2][body] PATCH https://firebaserules.googleapis.com/v1/projects/raahedeen-in-prod/releases/cloud.firestore/(default) {"name":"projects/raahedeen-in-prod/releases/cloud.firestore","rulesetName":"projects/raahedeen-in-prod/rulesets/86fd0e77-3036-46f2-92e1-8b9aa4437f16","createTime":"2026-01-18T10:43:51.353441Z","updateTime":"2026-01-20T07:15:48.888131Z"}
[debug] [2026-01-20T07:15:50.356Z] [rules] updated release projects/raahedeen-in-prod/releases/cloud.firestore
[info] +  firestore: released rules firestore.rules to cloud.firestore 
[info] i  functions: creating Node.js 20 (1st Gen) function computeFinder(asia-south1)... 
[info] i  functions: creating Node.js 20 (1st Gen) function sendBroadcast(asia-south1)... 
[info] i  functions: creating Node.js 20 (1st Gen) function onAuthCreate(asia-south1)... 
[info] i  functions: creating Node.js 20 (1st Gen) function setAdminRole(asia-south1)... 
[info] i  functions: creating Node.js 20 (1st Gen) function listUsers(asia-south1)... 
[info] i  functions: creating Node.js 20 (1st Gen) function makeAdmin(asia-south1)... 
[info] i  functions: creating Node.js 20 (1st Gen) function bootstrapSeed(asia-south1)... 
[debug] [2026-01-20T07:15:50.360Z] Checked if tokens are valid: true, expires at: 1768896130301
[debug] [2026-01-20T07:15:50.360Z] Checked if tokens are valid: true, expires at: 1768896130301
[debug] [2026-01-20T07:15:50.360Z] >>> [apiv2][query] POST https://cloudfunctions.googleapis.com/v1/projects/raahedeen-in-prod/locations/asia-south1/functions [none]
[debug] [2026-01-20T07:15:50.360Z] >>> [apiv2][body] POST https://cloudfunctions.googleapis.com/v1/projects/raahedeen-in-prod/locations/asia-south1/functions {"name":"projects/raahedeen-in-prod/locations/asia-south1/functions/computeFinder","sourceUploadUrl":"https://storage.googleapis.com/uploads-1078618715272.asia-south1.cloudfunctions.appspot.com/639d2add-6cd1-4677-8693-61e32dc3679b.zip?GoogleAccessId=service-856086369170@gcf-admin-robot.iam.gserviceaccount.com&Expires=1768895148&Signature=V8Nbxa4Icg7NextjUdJUuazR4uuxb7e9O2B4yGbHm0V8rdINxFABxdqerHCJ06BP5TaalJ1YJCwELhGwaz%2FNdYtf3QprZZEIxT7NPgmsjqyTqcGmDD8RyV4Cfd4pDW4BUW8HzgRrbbi26uisRPJoiAlW%2FME%2BEuif5P1SLGRQG0ad9hlBmKCZFpuiCk1WwhBhyl911THcFVqVatvemH3%2BX7sweMydJUzhX1nPo9nGZ9mARHsh33UJAoBddSugh8XVSrn6tZbALyQXXNUyFQMN9nowYEadJuJUqsM%2FdOaB0ZsxntPPS6x4y24Gdy86gfwmKcjvoiHFobejksACPgR83w%3D%3D","entryPoint":"computeFinder","runtime":"nodejs20","dockerRegistry":"ARTIFACT_REGISTRY","labels":{"deployment-tool":"cli-firebase","deployment-callable":"true","firebase-functions-hash":"83eef2ab9d37363b4ef3845a455e14a8e118ac1e"},"httpsTrigger":{"securityLevel":"SECURE_ALWAYS"},"minInstances":null,"maxInstances":null,"ingressSettings":null,"environmentVariables":{"FIREBASE_CONFIG":"{\"projectId\":\"raahedeen-in-prod\",\"storageBucket\":\"raahedeen-in-prod.firebasestorage.app\"}","GCLOUD_PROJECT":"raahedeen-in-prod","EVENTARC_CLOUD_EVENT_SOURCE":"projects/raahedeen-in-prod/locations/asia-south1/functions/computeFinder"},"serviceAccountEmail":null,"availableMemoryMb":null,"timeout":null,"vpcConnector":null,"vpcConnectorEgressSettings":null,"buildEnvironmentVariables":{"GOOGLE_NODE_RUN_SCRIPTS":""}}
[debug] [2026-01-20T07:15:53.655Z] <<< [apiv2][status] POST https://cloudfunctions.googleapis.com/v1/projects/raahedeen-in-prod/locations/asia-south1/functions 200
[debug] [2026-01-20T07:15:53.655Z] <<< [apiv2][body] POST https://cloudfunctions.googleapis.com/v1/projects/raahedeen-in-prod/locations/asia-south1/functions {"name":"operations/cHJvamVjdHMvcmFhaGVkZWVuLWluLXByb2QvbG9jYXRpb25zL2FzaWEtc291dGgxL29wZXJhdGlvbnMvb3BlcmF0aW9uLTE3Njg4OTMzNDkxOTEtNjQ4Y2M5M2I5NWRkYy02MTg1Yzc3My1jMWU3ZjhjNA","metadata":{"@type":"type.googleapis.com/google.cloud.functions.v1.OperationMetadataV1","target":"projects/raahedeen-in-prod/locations/asia-south1/functions/computeFinder","updateTime":"2026-01-20T07:15:52.241255023Z"}}
[debug] [2026-01-20T07:15:53.656Z] Checked if tokens are valid: true, expires at: 1768896130301
[debug] [2026-01-20T07:15:53.656Z] Checked if tokens are valid: true, expires at: 1768896130301
[debug] [2026-01-20T07:15:53.656Z] >>> [apiv2][query] GET https://cloudfunctions.googleapis.com/v1/operations/cHJvamVjdHMvcmFhaGVkZWVuLWluLXByb2QvbG9jYXRpb25zL2FzaWEtc291dGgxL29wZXJhdGlvbnMvb3BlcmF0aW9uLTE3Njg4OTMzNDkxOTEtNjQ4Y2M5M2I5NWRkYy02MTg1Yzc3My1jMWU3ZjhjNA [none]
[debug] [2026-01-20T07:15:53.926Z] <<< [apiv2][status] GET https://cloudfunctions.googleapis.com/v1/operations/cHJvamVjdHMvcmFhaGVkZWVuLWluLXByb2QvbG9jYXRpb25zL2FzaWEtc291dGgxL29wZXJhdGlvbnMvb3BlcmF0aW9uLTE3Njg4OTMzNDkxOTEtNjQ4Y2M5M2I5NWRkYy02MTg1Yzc3My1jMWU3ZjhjNA 200
[debug] [2026-01-20T07:15:53.926Z] <<< [apiv2][body] GET https://cloudfunctions.googleapis.com/v1/operations/cHJvamVjdHMvcmFhaGVkZWVuLWluLXByb2QvbG9jYXRpb25zL2FzaWEtc291dGgxL29wZXJhdGlvbnMvb3BlcmF0aW9uLTE3Njg4OTMzNDkxOTEtNjQ4Y2M5M2I5NWRkYy02MTg1Yzc3My1jMWU3ZjhjNA {"name":"operations/cHJvamVjdHMvcmFhaGVkZWVuLWluLXByb2QvbG9jYXRpb25zL2FzaWEtc291dGgxL29wZXJhdGlvbnMvb3BlcmF0aW9uLTE3Njg4OTMzNDkxOTEtNjQ4Y2M5M2I5NWRkYy02MTg1Yzc3My1jMWU3ZjhjNA","metadata":{"@type":"type.googleapis.com/google.cloud.functions.v1.OperationMetadataV1","target":"projects/raahedeen-in-prod/locations/asia-south1/functions/computeFinder","updateTime":"2026-01-20T07:15:52.241255023Z"}}
[debug] [2026-01-20T07:15:54.433Z] [create-default-asia-south1-computeFinder] Retrying task index 0
[debug] [2026-01-20T07:15:54.433Z] Checked if tokens are valid: true, expires at: 1768896130301
[debug] [2026-01-20T07:15:54.433Z] Checked if tokens are valid: true, expires at: 1768896130301
[debug] [2026-01-20T07:15:54.433Z] >>> [apiv2][query] GET https://cloudfunctions.googleapis.com/v1/operations/cHJvamVjdHMvcmFhaGVkZWVuLWluLXByb2QvbG9jYXRpb25zL2FzaWEtc291dGgxL29wZXJhdGlvbnMvb3BlcmF0aW9uLTE3Njg4OTMzNDkxOTEtNjQ4Y2M5M2I5NWRkYy02MTg1Yzc3My1jMWU3ZjhjNA [none]
[debug] [2026-01-20T07:15:54.617Z] <<< [apiv2][status] GET https://cloudfunctions.googleapis.com/v1/operations/cHJvamVjdHMvcmFhaGVkZWVuLWluLXByb2QvbG9jYXRpb25zL2FzaWEtc291dGgxL29wZXJhdGlvbnMvb3BlcmF0aW9uLTE3Njg4OTMzNDkxOTEtNjQ4Y2M5M2I5NWRkYy02MTg1Yzc3My1jMWU3ZjhjNA 200
[debug] [2026-01-20T07:15:54.617Z] <<< [apiv2][body] GET https://cloudfunctions.googleapis.com/v1/operations/cHJvamVjdHMvcmFhaGVkZWVuLWluLXByb2QvbG9jYXRpb25zL2FzaWEtc291dGgxL29wZXJhdGlvbnMvb3BlcmF0aW9uLTE3Njg4OTMzNDkxOTEtNjQ4Y2M5M2I5NWRkYy02MTg1Yzc3My1jMWU3ZjhjNA {"name":"operations/cHJvamVjdHMvcmFhaGVkZWVuLWluLXByb2QvbG9jYXRpb25zL2FzaWEtc291dGgxL29wZXJhdGlvbnMvb3BlcmF0aW9uLTE3Njg4OTMzNDkxOTEtNjQ4Y2M5M2I5NWRkYy02MTg1Yzc3My1jMWU3ZjhjNA","metadata":{"@type":"type.googleapis.com/google.cloud.functions.v1.OperationMetadataV1","target":"projects/raahedeen-in-prod/locations/asia-south1/functions/computeFinder","updateTime":"2026-01-20T07:15:52.241255023Z"}}
[debug] [2026-01-20T07:15:55.624Z] [create-default-asia-south1-computeFinder] Retrying task index 0
[debug] [2026-01-20T07:15:55.624Z] Checked if tokens are valid: true, expires at: 1768896130301
[debug] [2026-01-20T07:15:55.624Z] Checked if tokens are valid: true, expires at: 1768896130301
[debug] [2026-01-20T07:15:55.624Z] >>> [apiv2][query] GET https://cloudfunctions.googleapis.com/v1/operations/cHJvamVjdHMvcmFhaGVkZWVuLWluLXByb2QvbG9jYXRpb25zL2FzaWEtc291dGgxL29wZXJhdGlvbnMvb3BlcmF0aW9uLTE3Njg4OTMzNDkxOTEtNjQ4Y2M5M2I5NWRkYy02MTg1Yzc3My1jMWU3ZjhjNA [none]
[debug] [2026-01-20T07:15:55.866Z] <<< [apiv2][status] GET https://cloudfunctions.googleapis.com/v1/operations/cHJvamVjdHMvcmFhaGVkZWVuLWluLXByb2QvbG9jYXRpb25zL2FzaWEtc291dGgxL29wZXJhdGlvbnMvb3BlcmF0aW9uLTE3Njg4OTMzNDkxOTEtNjQ4Y2M5M2I5NWRkYy02MTg1Yzc3My1jMWU3ZjhjNA 200
[debug] [2026-01-20T07:15:55.866Z] <<< [apiv2][body] GET https://cloudfunctions.googleapis.com/v1/operations/cHJvamVjdHMvcmFhaGVkZWVuLWluLXByb2QvbG9jYXRpb25zL2FzaWEtc291dGgxL29wZXJhdGlvbnMvb3BlcmF0aW9uLTE3Njg4OTMzNDkxOTEtNjQ4Y2M5M2I5NWRkYy02MTg1Yzc3My1jMWU3ZjhjNA {"name":"operations/cHJvamVjdHMvcmFhaGVkZWVuLWluLXByb2QvbG9jYXRpb25zL2FzaWEtc291dGgxL29wZXJhdGlvbnMvb3BlcmF0aW9uLTE3Njg4OTMzNDkxOTEtNjQ4Y2M5M2I5NWRkYy02MTg1Yzc3My1jMWU3ZjhjNA","metadata":{"@type":"type.googleapis.com/google.cloud.functions.v1.OperationMetadataV1","target":"projects/raahedeen-in-prod/locations/asia-south1/functions/computeFinder","type":"CREATE_FUNCTION","request":{"@type":"type.googleapis.com/google.cloud.functions.v1.CloudFunction","name":"projects/raahedeen-in-prod/locations/asia-south1/functions/computeFinder","httpsTrigger":{"securityLevel":"SECURE_ALWAYS"},"entryPoint":"computeFinder","updateTime":"1970-01-01T00:00:00Z","labels":{"deployment-tool":"cli-firebase","deployment-callable":"true","firebase-functions-hash":"83eef2ab9d37363b4ef3845a455e14a8e118ac1e"},"sourceUploadUrl":"https://storage.googleapis.com/uploads-1078618715272.asia-south1.cloudfunctions.appspot.com/639d2add-6cd1-4677-8693-61e32dc3679b.zip?GoogleAccessId=service-856086369170@gcf-admin-robot.iam.gserviceaccount.com&Expires=1768895148&Signature=V8Nbxa4Icg7NextjUdJUuazR4uuxb7e9O2B4yGbHm0V8rdINxFABxdqerHCJ06BP5TaalJ1YJCwELhGwaz%2FNdYtf3QprZZEIxT7NPgmsjqyTqcGmDD8RyV4Cfd4pDW4BUW8HzgRrbbi26uisRPJoiAlW%2FME%2BEuif5P1SLGRQG0ad9hlBmKCZFpuiCk1WwhBhyl911THcFVqVatvemH3%2BX7sweMydJUzhX1nPo9nGZ9mARHsh33UJAoBddSugh8XVSrn6tZbALyQXXNUyFQMN9nowYEadJuJUqsM%2FdOaB0ZsxntPPS6x4y24Gdy86gfwmKcjvoiHFobejksACPgR83w%3D%3D","environmentVariables":{"FIREBASE_CONFIG":"{\"projectId\":\"raahedeen-in-prod\",\"storageBucket\":\"raahedeen-in-prod.firebasestorage.app\"}","GCLOUD_PROJECT":"raahedeen-in-prod","EVENTARC_CLOUD_EVENT_SOURCE":"projects/raahedeen-in-prod/locations/asia-south1/functions/computeFinder"},"runtime":"nodejs20","buildEnvironmentVariables":{"GOOGLE_NODE_RUN_SCRIPTS":""},"dockerRegistry":"ARTIFACT_REGISTRY"},"versionId":"1","updateTime":"2026-01-20T07:15:52.241255023Z"}}
[debug] [2026-01-20T07:15:57.873Z] [create-default-asia-south1-computeFinder] Retrying task index 0
[debug] [2026-01-20T07:15:57.873Z] Checked if tokens are valid: true, expires at: 1768896130301
[debug] [2026-01-20T07:15:57.873Z] Checked if tokens are valid: true, expires at: 1768896130301
[debug] [2026-01-20T07:15:57.873Z] >>> [apiv2][query] GET https://cloudfunctions.googleapis.com/v1/operations/cHJvamVjdHMvcmFhaGVkZWVuLWluLXByb2QvbG9jYXRpb25zL2FzaWEtc291dGgxL29wZXJhdGlvbnMvb3BlcmF0aW9uLTE3Njg4OTMzNDkxOTEtNjQ4Y2M5M2I5NWRkYy02MTg1Yzc3My1jMWU3ZjhjNA [none]
[debug] [2026-01-20T07:15:58.158Z] <<< [apiv2][status] GET https://cloudfunctions.googleapis.com/v1/operations/cHJvamVjdHMvcmFhaGVkZWVuLWluLXByb2QvbG9jYXRpb25zL2FzaWEtc291dGgxL29wZXJhdGlvbnMvb3BlcmF0aW9uLTE3Njg4OTMzNDkxOTEtNjQ4Y2M5M2I5NWRkYy02MTg1Yzc3My1jMWU3ZjhjNA 200
[debug] [2026-01-20T07:15:58.158Z] <<< [apiv2][body] GET https://cloudfunctions.googleapis.com/v1/operations/cHJvamVjdHMvcmFhaGVkZWVuLWluLXByb2QvbG9jYXRpb25zL2FzaWEtc291dGgxL29wZXJhdGlvbnMvb3BlcmF0aW9uLTE3Njg4OTMzNDkxOTEtNjQ4Y2M5M2I5NWRkYy02MTg1Yzc3My1jMWU3ZjhjNA {"name":"operations/cHJvamVjdHMvcmFhaGVkZWVuLWluLXByb2QvbG9jYXRpb25zL2FzaWEtc291dGgxL29wZXJhdGlvbnMvb3BlcmF0aW9uLTE3Njg4OTMzNDkxOTEtNjQ4Y2M5M2I5NWRkYy02MTg1Yzc3My1jMWU3ZjhjNA","metadata":{"@type":"type.googleapis.com/google.cloud.functions.v1.OperationMetadataV1","target":"projects/raahedeen-in-prod/locations/asia-south1/functions/computeFinder","type":"CREATE_FUNCTION","request":{"@type":"type.googleapis.com/google.cloud.functions.v1.CloudFunction","name":"projects/raahedeen-in-prod/locations/asia-south1/functions/computeFinder","httpsTrigger":{"securityLevel":"SECURE_ALWAYS"},"entryPoint":"computeFinder","updateTime":"1970-01-01T00:00:00Z","labels":{"deployment-tool":"cli-firebase","deployment-callable":"true","firebase-functions-hash":"83eef2ab9d37363b4ef3845a455e14a8e118ac1e"},"sourceUploadUrl":"https://storage.googleapis.com/uploads-1078618715272.asia-south1.cloudfunctions.appspot.com/639d2add-6cd1-4677-8693-61e32dc3679b.zip?GoogleAccessId=service-856086369170@gcf-admin-robot.iam.gserviceaccount.com&Expires=1768895148&Signature=V8Nbxa4Icg7NextjUdJUuazR4uuxb7e9O2B4yGbHm0V8rdINxFABxdqerHCJ06BP5TaalJ1YJCwELhGwaz%2FNdYtf3QprZZEIxT7NPgmsjqyTqcGmDD8RyV4Cfd4pDW4BUW8HzgRrbbi26uisRPJoiAlW%2FME%2BEuif5P1SLGRQG0ad9hlBmKCZFpuiCk1WwhBhyl911THcFVqVatvemH3%2BX7sweMydJUzhX1nPo9nGZ9mARHsh33UJAoBddSugh8XVSrn6tZbALyQXXNUyFQMN9nowYEadJuJUqsM%2FdOaB0ZsxntPPS6x4y24Gdy86gfwmKcjvoiHFobejksACPgR83w%3D%3D","environmentVariables":{"FIREBASE_CONFIG":"{\"projectId\":\"raahedeen-in-prod\",\"storageBucket\":\"raahedeen-in-prod.firebasestorage.app\"}","GCLOUD_PROJECT":"raahedeen-in-prod","EVENTARC_CLOUD_EVENT_SOURCE":"projects/raahedeen-in-prod/locations/asia-south1/functions/computeFinder"},"runtime":"nodejs20","buildEnvironmentVariables":{"GOOGLE_NODE_RUN_SCRIPTS":""},"dockerRegistry":"ARTIFACT_REGISTRY"},"versionId":"1","updateTime":"2026-01-20T07:15:52.241255023Z"}}
[debug] [2026-01-20T07:16:02.163Z] [create-default-asia-south1-computeFinder] Retrying task index 0
[debug] [2026-01-20T07:16:02.163Z] Checked if tokens are valid: true, expires at: 1768896130301
[debug] [2026-01-20T07:16:02.163Z] Checked if tokens are valid: true, expires at: 1768896130301
[debug] [2026-01-20T07:16:02.163Z] >>> [apiv2][query] GET https://cloudfunctions.googleapis.com/v1/operations/cHJvamVjdHMvcmFhaGVkZWVuLWluLXByb2QvbG9jYXRpb25zL2FzaWEtc291dGgxL29wZXJhdGlvbnMvb3BlcmF0aW9uLTE3Njg4OTMzNDkxOTEtNjQ4Y2M5M2I5NWRkYy02MTg1Yzc3My1jMWU3ZjhjNA [none]
[debug] [2026-01-20T07:16:02.326Z] <<< [apiv2][status] GET https://cloudfunctions.googleapis.com/v1/operations/cHJvamVjdHMvcmFhaGVkZWVuLWluLXByb2QvbG9jYXRpb25zL2FzaWEtc291dGgxL29wZXJhdGlvbnMvb3BlcmF0aW9uLTE3Njg4OTMzNDkxOTEtNjQ4Y2M5M2I5NWRkYy02MTg1Yzc3My1jMWU3ZjhjNA 200
[debug] [2026-01-20T07:16:02.326Z] <<< [apiv2][body] GET https://cloudfunctions.googleapis.com/v1/operations/cHJvamVjdHMvcmFhaGVkZWVuLWluLXByb2QvbG9jYXRpb25zL2FzaWEtc291dGgxL29wZXJhdGlvbnMvb3BlcmF0aW9uLTE3Njg4OTMzNDkxOTEtNjQ4Y2M5M2I5NWRkYy02MTg1Yzc3My1jMWU3ZjhjNA {"name":"operations/cHJvamVjdHMvcmFhaGVkZWVuLWluLXByb2QvbG9jYXRpb25zL2FzaWEtc291dGgxL29wZXJhdGlvbnMvb3BlcmF0aW9uLTE3Njg4OTMzNDkxOTEtNjQ4Y2M5M2I5NWRkYy02MTg1Yzc3My1jMWU3ZjhjNA","metadata":{"@type":"type.googleapis.com/google.cloud.functions.v1.OperationMetadataV1","target":"projects/raahedeen-in-prod/locations/asia-south1/functions/computeFinder","type":"CREATE_FUNCTION","request":{"@type":"type.googleapis.com/google.cloud.functions.v1.CloudFunction","name":"projects/raahedeen-in-prod/locations/asia-south1/functions/computeFinder","httpsTrigger":{"securityLevel":"SECURE_ALWAYS"},"entryPoint":"computeFinder","updateTime":"1970-01-01T00:00:00Z","labels":{"deployment-tool":"cli-firebase","deployment-callable":"true","firebase-functions-hash":"83eef2ab9d37363b4ef3845a455e14a8e118ac1e"},"sourceUploadUrl":"https://storage.googleapis.com/uploads-1078618715272.asia-south1.cloudfunctions.appspot.com/639d2add-6cd1-4677-8693-61e32dc3679b.zip?GoogleAccessId=service-856086369170@gcf-admin-robot.iam.gserviceaccount.com&Expires=1768895148&Signature=V8Nbxa4Icg7NextjUdJUuazR4uuxb7e9O2B4yGbHm0V8rdINxFABxdqerHCJ06BP5TaalJ1YJCwELhGwaz%2FNdYtf3QprZZEIxT7NPgmsjqyTqcGmDD8RyV4Cfd4pDW4BUW8HzgRrbbi26uisRPJoiAlW%2FME%2BEuif5P1SLGRQG0ad9hlBmKCZFpuiCk1WwhBhyl911THcFVqVatvemH3%2BX7sweMydJUzhX1nPo9nGZ9mARHsh33UJAoBddSugh8XVSrn6tZbALyQXXNUyFQMN9nowYEadJuJUqsM%2FdOaB0ZsxntPPS6x4y24Gdy86gfwmKcjvoiHFobejksACPgR83w%3D%3D","environmentVariables":{"FIREBASE_CONFIG":"{\"projectId\":\"raahedeen-in-prod\",\"storageBucket\":\"raahedeen-in-prod.firebasestorage.app\"}","GCLOUD_PROJECT":"raahedeen-in-prod","EVENTARC_CLOUD_EVENT_SOURCE":"projects/raahedeen-in-prod/locations/asia-south1/functions/computeFinder"},"runtime":"nodejs20","buildEnvironmentVariables":{"GOOGLE_NODE_RUN_SCRIPTS":""},"dockerRegistry":"ARTIFACT_REGISTRY"},"versionId":"1","updateTime":"2026-01-20T07:15:52.241255023Z"}}
[debug] [2026-01-20T07:16:10.338Z] [create-default-asia-south1-computeFinder] Retrying task index 0
[debug] [2026-01-20T07:16:10.339Z] Checked if tokens are valid: true, expires at: 1768896130301
[debug] [2026-01-20T07:16:10.339Z] Checked if tokens are valid: true, expires at: 1768896130301
[debug] [2026-01-20T07:16:10.339Z] >>> [apiv2][query] GET https://cloudfunctions.googleapis.com/v1/operations/cHJvamVjdHMvcmFhaGVkZWVuLWluLXByb2QvbG9jYXRpb25zL2FzaWEtc291dGgxL29wZXJhdGlvbnMvb3BlcmF0aW9uLTE3Njg4OTMzNDkxOTEtNjQ4Y2M5M2I5NWRkYy02MTg1Yzc3My1jMWU3ZjhjNA [none]
[debug] [2026-01-20T07:16:10.624Z] <<< [apiv2][status] GET https://cloudfunctions.googleapis.com/v1/operations/cHJvamVjdHMvcmFhaGVkZWVuLWluLXByb2QvbG9jYXRpb25zL2FzaWEtc291dGgxL29wZXJhdGlvbnMvb3BlcmF0aW9uLTE3Njg4OTMzNDkxOTEtNjQ4Y2M5M2I5NWRkYy02MTg1Yzc3My1jMWU3ZjhjNA 200
[debug] [2026-01-20T07:16:10.624Z] <<< [apiv2][body] GET https://cloudfunctions.googleapis.com/v1/operations/cHJvamVjdHMvcmFhaGVkZWVuLWluLXByb2QvbG9jYXRpb25zL2FzaWEtc291dGgxL29wZXJhdGlvbnMvb3BlcmF0aW9uLTE3Njg4OTMzNDkxOTEtNjQ4Y2M5M2I5NWRkYy02MTg1Yzc3My1jMWU3ZjhjNA {"name":"operations/cHJvamVjdHMvcmFhaGVkZWVuLWluLXByb2QvbG9jYXRpb25zL2FzaWEtc291dGgxL29wZXJhdGlvbnMvb3BlcmF0aW9uLTE3Njg4OTMzNDkxOTEtNjQ4Y2M5M2I5NWRkYy02MTg1Yzc3My1jMWU3ZjhjNA","metadata":{"@type":"type.googleapis.com/google.cloud.functions.v1.OperationMetadataV1","target":"projects/raahedeen-in-prod/locations/asia-south1/functions/computeFinder","type":"CREATE_FUNCTION","request":{"@type":"type.googleapis.com/google.cloud.functions.v1.CloudFunction","name":"projects/raahedeen-in-prod/locations/asia-south1/functions/computeFinder","httpsTrigger":{"securityLevel":"SECURE_ALWAYS"},"entryPoint":"computeFinder","updateTime":"1970-01-01T00:00:00Z","labels":{"deployment-tool":"cli-firebase","deployment-callable":"true","firebase-functions-hash":"83eef2ab9d37363b4ef3845a455e14a8e118ac1e"},"sourceUploadUrl":"https://storage.googleapis.com/uploads-1078618715272.asia-south1.cloudfunctions.appspot.com/639d2add-6cd1-4677-8693-61e32dc3679b.zip?GoogleAccessId=service-856086369170@gcf-admin-robot.iam.gserviceaccount.com&Expires=1768895148&Signature=V8Nbxa4Icg7NextjUdJUuazR4uuxb7e9O2B4yGbHm0V8rdINxFABxdqerHCJ06BP5TaalJ1YJCwELhGwaz%2FNdYtf3QprZZEIxT7NPgmsjqyTqcGmDD8RyV4Cfd4pDW4BUW8HzgRrbbi26uisRPJoiAlW%2FME%2BEuif5P1SLGRQG0ad9hlBmKCZFpuiCk1WwhBhyl911THcFVqVatvemH3%2BX7sweMydJUzhX1nPo9nGZ9mARHsh33UJAoBddSugh8XVSrn6tZbALyQXXNUyFQMN9nowYEadJuJUqsM%2FdOaB0ZsxntPPS6x4y24Gdy86gfwmKcjvoiHFobejksACPgR83w%3D%3D","environmentVariables":{"FIREBASE_CONFIG":"{\"projectId\":\"raahedeen-in-prod\",\"storageBucket\":\"raahedeen-in-prod.firebasestorage.app\"}","GCLOUD_PROJECT":"raahedeen-in-prod","EVENTARC_CLOUD_EVENT_SOURCE":"projects/raahedeen-in-prod/locations/asia-south1/functions/computeFinder"},"runtime":"nodejs20","buildEnvironmentVariables":{"GOOGLE_NODE_RUN_SCRIPTS":""},"dockerRegistry":"ARTIFACT_REGISTRY"},"versionId":"1","updateTime":"2026-01-20T07:15:52.241255023Z"}}
[debug] [2026-01-20T07:16:20.634Z] [create-default-asia-south1-computeFinder] Retrying task index 0
[debug] [2026-01-20T07:16:20.634Z] Checked if tokens are valid: true, expires at: 1768896130301
[debug] [2026-01-20T07:16:20.634Z] Checked if tokens are valid: true, expires at: 1768896130301
[debug] [2026-01-20T07:16:20.634Z] >>> [apiv2][query] GET https://cloudfunctions.googleapis.com/v1/operations/cHJvamVjdHMvcmFhaGVkZWVuLWluLXByb2QvbG9jYXRpb25zL2FzaWEtc291dGgxL29wZXJhdGlvbnMvb3BlcmF0aW9uLTE3Njg4OTMzNDkxOTEtNjQ4Y2M5M2I5NWRkYy02MTg1Yzc3My1jMWU3ZjhjNA [none]
[debug] [2026-01-20T07:16:20.935Z] <<< [apiv2][status] GET https://cloudfunctions.googleapis.com/v1/operations/cHJvamVjdHMvcmFhaGVkZWVuLWluLXByb2QvbG9jYXRpb25zL2FzaWEtc291dGgxL29wZXJhdGlvbnMvb3BlcmF0aW9uLTE3Njg4OTMzNDkxOTEtNjQ4Y2M5M2I5NWRkYy02MTg1Yzc3My1jMWU3ZjhjNA 200
[debug] [2026-01-20T07:16:20.935Z] <<< [apiv2][body] GET https://cloudfunctions.googleapis.com/v1/operations/cHJvamVjdHMvcmFhaGVkZWVuLWluLXByb2QvbG9jYXRpb25zL2FzaWEtc291dGgxL29wZXJhdGlvbnMvb3BlcmF0aW9uLTE3Njg4OTMzNDkxOTEtNjQ4Y2M5M2I5NWRkYy02MTg1Yzc3My1jMWU3ZjhjNA {"name":"operations/cHJvamVjdHMvcmFhaGVkZWVuLWluLXByb2QvbG9jYXRpb25zL2FzaWEtc291dGgxL29wZXJhdGlvbnMvb3BlcmF0aW9uLTE3Njg4OTMzNDkxOTEtNjQ4Y2M5M2I5NWRkYy02MTg1Yzc3My1jMWU3ZjhjNA","metadata":{"@type":"type.googleapis.com/google.cloud.functions.v1.OperationMetadataV1","target":"projects/raahedeen-in-prod/locations/asia-south1/functions/computeFinder","type":"CREATE_FUNCTION","request":{"@type":"type.googleapis.com/google.cloud.functions.v1.CloudFunction","name":"projects/raahedeen-in-prod/locations/asia-south1/functions/computeFinder","httpsTrigger":{"securityLevel":"SECURE_ALWAYS"},"entryPoint":"computeFinder","updateTime":"1970-01-01T00:00:00Z","labels":{"deployment-tool":"cli-firebase","deployment-callable":"true","firebase-functions-hash":"83eef2ab9d37363b4ef3845a455e14a8e118ac1e"},"sourceUploadUrl":"https://storage.googleapis.com/uploads-1078618715272.asia-south1.cloudfunctions.appspot.com/639d2add-6cd1-4677-8693-61e32dc3679b.zip?GoogleAccessId=service-856086369170@gcf-admin-robot.iam.gserviceaccount.com&Expires=1768895148&Signature=V8Nbxa4Icg7NextjUdJUuazR4uuxb7e9O2B4yGbHm0V8rdINxFABxdqerHCJ06BP5TaalJ1YJCwELhGwaz%2FNdYtf3QprZZEIxT7NPgmsjqyTqcGmDD8RyV4Cfd4pDW4BUW8HzgRrbbi26uisRPJoiAlW%2FME%2BEuif5P1SLGRQG0ad9hlBmKCZFpuiCk1WwhBhyl911THcFVqVatvemH3%2BX7sweMydJUzhX1nPo9nGZ9mARHsh33UJAoBddSugh8XVSrn6tZbALyQXXNUyFQMN9nowYEadJuJUqsM%2FdOaB0ZsxntPPS6x4y24Gdy86gfwmKcjvoiHFobejksACPgR83w%3D%3D","environmentVariables":{"FIREBASE_CONFIG":"{\"projectId\":\"raahedeen-in-prod\",\"storageBucket\":\"raahedeen-in-prod.firebasestorage.app\"}","GCLOUD_PROJECT":"raahedeen-in-prod","EVENTARC_CLOUD_EVENT_SOURCE":"projects/raahedeen-in-prod/locations/asia-south1/functions/computeFinder"},"runtime":"nodejs20","buildEnvironmentVariables":{"GOOGLE_NODE_RUN_SCRIPTS":""},"dockerRegistry":"ARTIFACT_REGISTRY"},"versionId":"1","updateTime":"2026-01-20T07:15:52.241255023Z","buildId":"8e3e4b29-d788-4b20-99a9-6d1d1e7724bd","buildName":"projects/856086369170/locations/asia-south1/builds/8e3e4b29-d788-4b20-99a9-6d1d1e7724bd"}}
[debug] [2026-01-20T07:16:30.936Z] [create-default-asia-south1-computeFinder] Retrying task index 0
[debug] [2026-01-20T07:16:30.936Z] Checked if tokens are valid: true, expires at: 1768896130301
[debug] [2026-01-20T07:16:30.936Z] Checked if tokens are valid: true, expires at: 1768896130301
[debug] [2026-01-20T07:16:30.936Z] >>> [apiv2][query] GET https://cloudfunctions.googleapis.com/v1/operations/cHJvamVjdHMvcmFhaGVkZWVuLWluLXByb2QvbG9jYXRpb25zL2FzaWEtc291dGgxL29wZXJhdGlvbnMvb3BlcmF0aW9uLTE3Njg4OTMzNDkxOTEtNjQ4Y2M5M2I5NWRkYy02MTg1Yzc3My1jMWU3ZjhjNA [none]
[debug] [2026-01-20T07:16:31.272Z] <<< [apiv2][status] GET https://cloudfunctions.googleapis.com/v1/operations/cHJvamVjdHMvcmFhaGVkZWVuLWluLXByb2QvbG9jYXRpb25zL2FzaWEtc291dGgxL29wZXJhdGlvbnMvb3BlcmF0aW9uLTE3Njg4OTMzNDkxOTEtNjQ4Y2M5M2I5NWRkYy02MTg1Yzc3My1jMWU3ZjhjNA 200
[debug] [2026-01-20T07:16:31.272Z] <<< [apiv2][body] GET https://cloudfunctions.googleapis.com/v1/operations/cHJvamVjdHMvcmFhaGVkZWVuLWluLXByb2QvbG9jYXRpb25zL2FzaWEtc291dGgxL29wZXJhdGlvbnMvb3BlcmF0aW9uLTE3Njg4OTMzNDkxOTEtNjQ4Y2M5M2I5NWRkYy02MTg1Yzc3My1jMWU3ZjhjNA {"name":"operations/cHJvamVjdHMvcmFhaGVkZWVuLWluLXByb2QvbG9jYXRpb25zL2FzaWEtc291dGgxL29wZXJhdGlvbnMvb3BlcmF0aW9uLTE3Njg4OTMzNDkxOTEtNjQ4Y2M5M2I5NWRkYy02MTg1Yzc3My1jMWU3ZjhjNA","metadata":{"@type":"type.googleapis.com/google.cloud.functions.v1.OperationMetadataV1","target":"projects/raahedeen-in-prod/locations/asia-south1/functions/computeFinder","type":"CREATE_FUNCTION","request":{"@type":"type.googleapis.com/google.cloud.functions.v1.CloudFunction","name":"projects/raahedeen-in-prod/locations/asia-south1/functions/computeFinder","httpsTrigger":{"securityLevel":"SECURE_ALWAYS"},"entryPoint":"computeFinder","updateTime":"1970-01-01T00:00:00Z","labels":{"deployment-tool":"cli-firebase","deployment-callable":"true","firebase-functions-hash":"83eef2ab9d37363b4ef3845a455e14a8e118ac1e"},"sourceUploadUrl":"https://storage.googleapis.com/uploads-1078618715272.asia-south1.cloudfunctions.appspot.com/639d2add-6cd1-4677-8693-61e32dc3679b.zip?GoogleAccessId=service-856086369170@gcf-admin-robot.iam.gserviceaccount.com&Expires=1768895148&Signature=V8Nbxa4Icg7NextjUdJUuazR4uuxb7e9O2B4yGbHm0V8rdINxFABxdqerHCJ06BP5TaalJ1YJCwELhGwaz%2FNdYtf3QprZZEIxT7NPgmsjqyTqcGmDD8RyV4Cfd4pDW4BUW8HzgRrbbi26uisRPJoiAlW%2FME%2BEuif5P1SLGRQG0ad9hlBmKCZFpuiCk1WwhBhyl911THcFVqVatvemH3%2BX7sweMydJUzhX1nPo9nGZ9mARHsh33UJAoBddSugh8XVSrn6tZbALyQXXNUyFQMN9nowYEadJuJUqsM%2FdOaB0ZsxntPPS6x4y24Gdy86gfwmKcjvoiHFobejksACPgR83w%3D%3D","environmentVariables":{"FIREBASE_CONFIG":"{\"projectId\":\"raahedeen-in-prod\",\"storageBucket\":\"raahedeen-in-prod.firebasestorage.app\"}","GCLOUD_PROJECT":"raahedeen-in-prod","EVENTARC_CLOUD_EVENT_SOURCE":"projects/raahedeen-in-prod/locations/asia-south1/functions/computeFinder"},"runtime":"nodejs20","buildEnvironmentVariables":{"GOOGLE_NODE_RUN_SCRIPTS":""},"dockerRegistry":"ARTIFACT_REGISTRY"},"versionId":"1","updateTime":"2026-01-20T07:15:52.241255023Z","buildId":"8e3e4b29-d788-4b20-99a9-6d1d1e7724bd","buildName":"projects/856086369170/locations/asia-south1/builds/8e3e4b29-d788-4b20-99a9-6d1d1e7724bd"}}
[debug] [2026-01-20T07:16:41.287Z] [create-default-asia-south1-computeFinder] Retrying task index 0
[debug] [2026-01-20T07:16:41.287Z] Checked if tokens are valid: true, expires at: 1768896130301
[debug] [2026-01-20T07:16:41.287Z] Checked if tokens are valid: true, expires at: 1768896130301
[debug] [2026-01-20T07:16:41.287Z] >>> [apiv2][query] GET https://cloudfunctions.googleapis.com/v1/operations/cHJvamVjdHMvcmFhaGVkZWVuLWluLXByb2QvbG9jYXRpb25zL2FzaWEtc291dGgxL29wZXJhdGlvbnMvb3BlcmF0aW9uLTE3Njg4OTMzNDkxOTEtNjQ4Y2M5M2I5NWRkYy02MTg1Yzc3My1jMWU3ZjhjNA [none]
[debug] [2026-01-20T07:16:41.566Z] <<< [apiv2][status] GET https://cloudfunctions.googleapis.com/v1/operations/cHJvamVjdHMvcmFhaGVkZWVuLWluLXByb2QvbG9jYXRpb25zL2FzaWEtc291dGgxL29wZXJhdGlvbnMvb3BlcmF0aW9uLTE3Njg4OTMzNDkxOTEtNjQ4Y2M5M2I5NWRkYy02MTg1Yzc3My1jMWU3ZjhjNA 200
[debug] [2026-01-20T07:16:41.566Z] <<< [apiv2][body] GET https://cloudfunctions.googleapis.com/v1/operations/cHJvamVjdHMvcmFhaGVkZWVuLWluLXByb2QvbG9jYXRpb25zL2FzaWEtc291dGgxL29wZXJhdGlvbnMvb3BlcmF0aW9uLTE3Njg4OTMzNDkxOTEtNjQ4Y2M5M2I5NWRkYy02MTg1Yzc3My1jMWU3ZjhjNA {"name":"operations/cHJvamVjdHMvcmFhaGVkZWVuLWluLXByb2QvbG9jYXRpb25zL2FzaWEtc291dGgxL29wZXJhdGlvbnMvb3BlcmF0aW9uLTE3Njg4OTMzNDkxOTEtNjQ4Y2M5M2I5NWRkYy02MTg1Yzc3My1jMWU3ZjhjNA","metadata":{"@type":"type.googleapis.com/google.cloud.functions.v1.OperationMetadataV1","target":"projects/raahedeen-in-prod/locations/asia-south1/functions/computeFinder","type":"CREATE_FUNCTION","request":{"@type":"type.googleapis.com/google.cloud.functions.v1.CloudFunction","name":"projects/raahedeen-in-prod/locations/asia-south1/functions/computeFinder","httpsTrigger":{"securityLevel":"SECURE_ALWAYS"},"entryPoint":"computeFinder","updateTime":"1970-01-01T00:00:00Z","labels":{"deployment-tool":"cli-firebase","deployment-callable":"true","firebase-functions-hash":"83eef2ab9d37363b4ef3845a455e14a8e118ac1e"},"sourceUploadUrl":"https://storage.googleapis.com/uploads-1078618715272.asia-south1.cloudfunctions.appspot.com/639d2add-6cd1-4677-8693-61e32dc3679b.zip?GoogleAccessId=service-856086369170@gcf-admin-robot.iam.gserviceaccount.com&Expires=1768895148&Signature=V8Nbxa4Icg7NextjUdJUuazR4uuxb7e9O2B4yGbHm0V8rdINxFABxdqerHCJ06BP5TaalJ1YJCwELhGwaz%2FNdYtf3QprZZEIxT7NPgmsjqyTqcGmDD8RyV4Cfd4pDW4BUW8HzgRrbbi26uisRPJoiAlW%2FME%2BEuif5P1SLGRQG0ad9hlBmKCZFpuiCk1WwhBhyl911THcFVqVatvemH3%2BX7sweMydJUzhX1nPo9nGZ9mARHsh33UJAoBddSugh8XVSrn6tZbALyQXXNUyFQMN9nowYEadJuJUqsM%2FdOaB0ZsxntPPS6x4y24Gdy86gfwmKcjvoiHFobejksACPgR83w%3D%3D","environmentVariables":{"FIREBASE_CONFIG":"{\"projectId\":\"raahedeen-in-prod\",\"storageBucket\":\"raahedeen-in-prod.firebasestorage.app\"}","GCLOUD_PROJECT":"raahedeen-in-prod","EVENTARC_CLOUD_EVENT_SOURCE":"projects/raahedeen-in-prod/locations/asia-south1/functions/computeFinder"},"runtime":"nodejs20","buildEnvironmentVariables":{"GOOGLE_NODE_RUN_SCRIPTS":""},"dockerRegistry":"ARTIFACT_REGISTRY"},"versionId":"1","updateTime":"2026-01-20T07:15:52.241255023Z","buildId":"8e3e4b29-d788-4b20-99a9-6d1d1e7724bd","buildName":"projects/856086369170/locations/asia-south1/builds/8e3e4b29-d788-4b20-99a9-6d1d1e7724bd"}}
[debug] [2026-01-20T07:16:51.571Z] [create-default-asia-south1-computeFinder] Retrying task index 0
[debug] [2026-01-20T07:16:51.571Z] Checked if tokens are valid: true, expires at: 1768896130301
[debug] [2026-01-20T07:16:51.571Z] Checked if tokens are valid: true, expires at: 1768896130301
[debug] [2026-01-20T07:16:51.571Z] >>> [apiv2][query] GET https://cloudfunctions.googleapis.com/v1/operations/cHJvamVjdHMvcmFhaGVkZWVuLWluLXByb2QvbG9jYXRpb25zL2FzaWEtc291dGgxL29wZXJhdGlvbnMvb3BlcmF0aW9uLTE3Njg4OTMzNDkxOTEtNjQ4Y2M5M2I5NWRkYy02MTg1Yzc3My1jMWU3ZjhjNA [none]
[debug] [2026-01-20T07:16:51.773Z] <<< [apiv2][status] GET https://cloudfunctions.googleapis.com/v1/operations/cHJvamVjdHMvcmFhaGVkZWVuLWluLXByb2QvbG9jYXRpb25zL2FzaWEtc291dGgxL29wZXJhdGlvbnMvb3BlcmF0aW9uLTE3Njg4OTMzNDkxOTEtNjQ4Y2M5M2I5NWRkYy02MTg1Yzc3My1jMWU3ZjhjNA 503
[debug] [2026-01-20T07:16:51.773Z] <<< [apiv2][body] GET https://cloudfunctions.googleapis.com/v1/operations/cHJvamVjdHMvcmFhaGVkZWVuLWluLXByb2QvbG9jYXRpb25zL2FzaWEtc291dGgxL29wZXJhdGlvbnMvb3BlcmF0aW9uLTE3Njg4OTMzNDkxOTEtNjQ4Y2M5M2I5NWRkYy02MTg1Yzc3My1jMWU3ZjhjNA {"error":{"code":503,"message":"The service is currently unavailable.","status":"UNAVAILABLE"}}
[debug] [2026-01-20T07:17:01.786Z] [create-default-asia-south1-computeFinder] Retrying task index 0
[debug] [2026-01-20T07:17:01.787Z] Checked if tokens are valid: true, expires at: 1768896130301
[debug] [2026-01-20T07:17:01.787Z] Checked if tokens are valid: true, expires at: 1768896130301
[debug] [2026-01-20T07:17:01.787Z] >>> [apiv2][query] GET https://cloudfunctions.googleapis.com/v1/operations/cHJvamVjdHMvcmFhaGVkZWVuLWluLXByb2QvbG9jYXRpb25zL2FzaWEtc291dGgxL29wZXJhdGlvbnMvb3BlcmF0aW9uLTE3Njg4OTMzNDkxOTEtNjQ4Y2M5M2I5NWRkYy02MTg1Yzc3My1jMWU3ZjhjNA [none]
[debug] [2026-01-20T07:17:02.057Z] <<< [apiv2][status] GET https://cloudfunctions.googleapis.com/v1/operations/cHJvamVjdHMvcmFhaGVkZWVuLWluLXByb2QvbG9jYXRpb25zL2FzaWEtc291dGgxL29wZXJhdGlvbnMvb3BlcmF0aW9uLTE3Njg4OTMzNDkxOTEtNjQ4Y2M5M2I5NWRkYy02MTg1Yzc3My1jMWU3ZjhjNA 200
[debug] [2026-01-20T07:17:02.057Z] <<< [apiv2][body] GET https://cloudfunctions.googleapis.com/v1/operations/cHJvamVjdHMvcmFhaGVkZWVuLWluLXByb2QvbG9jYXRpb25zL2FzaWEtc291dGgxL29wZXJhdGlvbnMvb3BlcmF0aW9uLTE3Njg4OTMzNDkxOTEtNjQ4Y2M5M2I5NWRkYy02MTg1Yzc3My1jMWU3ZjhjNA {"name":"operations/cHJvamVjdHMvcmFhaGVkZWVuLWluLXByb2QvbG9jYXRpb25zL2FzaWEtc291dGgxL29wZXJhdGlvbnMvb3BlcmF0aW9uLTE3Njg4OTMzNDkxOTEtNjQ4Y2M5M2I5NWRkYy02MTg1Yzc3My1jMWU3ZjhjNA","metadata":{"@type":"type.googleapis.com/google.cloud.functions.v1.OperationMetadataV1","target":"projects/raahedeen-in-prod/locations/asia-south1/functions/computeFinder","type":"CREATE_FUNCTION","request":{"@type":"type.googleapis.com/google.cloud.functions.v1.CloudFunction","name":"projects/raahedeen-in-prod/locations/asia-south1/functions/computeFinder","httpsTrigger":{"securityLevel":"SECURE_ALWAYS"},"entryPoint":"computeFinder","updateTime":"1970-01-01T00:00:00Z","labels":{"deployment-tool":"cli-firebase","deployment-callable":"true","firebase-functions-hash":"83eef2ab9d37363b4ef3845a455e14a8e118ac1e"},"sourceUploadUrl":"https://storage.googleapis.com/uploads-1078618715272.asia-south1.cloudfunctions.appspot.com/639d2add-6cd1-4677-8693-61e32dc3679b.zip?GoogleAccessId=service-856086369170@gcf-admin-robot.iam.gserviceaccount.com&Expires=1768895148&Signature=V8Nbxa4Icg7NextjUdJUuazR4uuxb7e9O2B4yGbHm0V8rdINxFABxdqerHCJ06BP5TaalJ1YJCwELhGwaz%2FNdYtf3QprZZEIxT7NPgmsjqyTqcGmDD8RyV4Cfd4pDW4BUW8HzgRrbbi26uisRPJoiAlW%2FME%2BEuif5P1SLGRQG0ad9hlBmKCZFpuiCk1WwhBhyl911THcFVqVatvemH3%2BX7sweMydJUzhX1nPo9nGZ9mARHsh33UJAoBddSugh8XVSrn6tZbALyQXXNUyFQMN9nowYEadJuJUqsM%2FdOaB0ZsxntPPS6x4y24Gdy86gfwmKcjvoiHFobejksACPgR83w%3D%3D","environmentVariables":{"FIREBASE_CONFIG":"{\"projectId\":\"raahedeen-in-prod\",\"storageBucket\":\"raahedeen-in-prod.firebasestorage.app\"}","GCLOUD_PROJECT":"raahedeen-in-prod","EVENTARC_CLOUD_EVENT_SOURCE":"projects/raahedeen-in-prod/locations/asia-south1/functions/computeFinder"},"runtime":"nodejs20","buildEnvironmentVariables":{"GOOGLE_NODE_RUN_SCRIPTS":""},"dockerRegistry":"ARTIFACT_REGISTRY"},"versionId":"1","updateTime":"2026-01-20T07:15:52.241255023Z","buildId":"8e3e4b29-d788-4b20-99a9-6d1d1e7724bd","buildName":"projects/856086369170/locations/asia-south1/builds/8e3e4b29-d788-4b20-99a9-6d1d1e7724bd"}}
[debug] [2026-01-20T07:17:12.065Z] [create-default-asia-south1-computeFinder] Retrying task index 0
[debug] [2026-01-20T07:17:12.065Z] Checked if tokens are valid: true, expires at: 1768896130301
[debug] [2026-01-20T07:17:12.065Z] Checked if tokens are valid: true, expires at: 1768896130301
[debug] [2026-01-20T07:17:12.065Z] >>> [apiv2][query] GET https://cloudfunctions.googleapis.com/v1/operations/cHJvamVjdHMvcmFhaGVkZWVuLWluLXByb2QvbG9jYXRpb25zL2FzaWEtc291dGgxL29wZXJhdGlvbnMvb3BlcmF0aW9uLTE3Njg4OTMzNDkxOTEtNjQ4Y2M5M2I5NWRkYy02MTg1Yzc3My1jMWU3ZjhjNA [none]
[debug] [2026-01-20T07:17:12.354Z] <<< [apiv2][status] GET https://cloudfunctions.googleapis.com/v1/operations/cHJvamVjdHMvcmFhaGVkZWVuLWluLXByb2QvbG9jYXRpb25zL2FzaWEtc291dGgxL29wZXJhdGlvbnMvb3BlcmF0aW9uLTE3Njg4OTMzNDkxOTEtNjQ4Y2M5M2I5NWRkYy02MTg1Yzc3My1jMWU3ZjhjNA 200
[debug] [2026-01-20T07:17:12.354Z] <<< [apiv2][body] GET https://cloudfunctions.googleapis.com/v1/operations/cHJvamVjdHMvcmFhaGVkZWVuLWluLXByb2QvbG9jYXRpb25zL2FzaWEtc291dGgxL29wZXJhdGlvbnMvb3BlcmF0aW9uLTE3Njg4OTMzNDkxOTEtNjQ4Y2M5M2I5NWRkYy02MTg1Yzc3My1jMWU3ZjhjNA {"name":"operations/cHJvamVjdHMvcmFhaGVkZWVuLWluLXByb2QvbG9jYXRpb25zL2FzaWEtc291dGgxL29wZXJhdGlvbnMvb3BlcmF0aW9uLTE3Njg4OTMzNDkxOTEtNjQ4Y2M5M2I5NWRkYy02MTg1Yzc3My1jMWU3ZjhjNA","metadata":{"@type":"type.googleapis.com/google.cloud.functions.v1.OperationMetadataV1","target":"projects/raahedeen-in-prod/locations/asia-south1/functions/computeFinder","type":"CREATE_FUNCTION","request":{"@type":"type.googleapis.com/google.cloud.functions.v1.CloudFunction","name":"projects/raahedeen-in-prod/locations/asia-south1/functions/computeFinder","httpsTrigger":{"securityLevel":"SECURE_ALWAYS"},"entryPoint":"computeFinder","updateTime":"1970-01-01T00:00:00Z","labels":{"deployment-tool":"cli-firebase","deployment-callable":"true","firebase-functions-hash":"83eef2ab9d37363b4ef3845a455e14a8e118ac1e"},"sourceUploadUrl":"https://storage.googleapis.com/uploads-1078618715272.asia-south1.cloudfunctions.appspot.com/639d2add-6cd1-4677-8693-61e32dc3679b.zip?GoogleAccessId=service-856086369170@gcf-admin-robot.iam.gserviceaccount.com&Expires=1768895148&Signature=V8Nbxa4Icg7NextjUdJUuazR4uuxb7e9O2B4yGbHm0V8rdINxFABxdqerHCJ06BP5TaalJ1YJCwELhGwaz%2FNdYtf3QprZZEIxT7NPgmsjqyTqcGmDD8RyV4Cfd4pDW4BUW8HzgRrbbi26uisRPJoiAlW%2FME%2BEuif5P1SLGRQG0ad9hlBmKCZFpuiCk1WwhBhyl911THcFVqVatvemH3%2BX7sweMydJUzhX1nPo9nGZ9mARHsh33UJAoBddSugh8XVSrn6tZbALyQXXNUyFQMN9nowYEadJuJUqsM%2FdOaB0ZsxntPPS6x4y24Gdy86gfwmKcjvoiHFobejksACPgR83w%3D%3D","environmentVariables":{"FIREBASE_CONFIG":"{\"projectId\":\"raahedeen-in-prod\",\"storageBucket\":\"raahedeen-in-prod.firebasestorage.app\"}","GCLOUD_PROJECT":"raahedeen-in-prod","EVENTARC_CLOUD_EVENT_SOURCE":"projects/raahedeen-in-prod/locations/asia-south1/functions/computeFinder"},"runtime":"nodejs20","buildEnvironmentVariables":{"GOOGLE_NODE_RUN_SCRIPTS":""},"dockerRegistry":"ARTIFACT_REGISTRY"},"versionId":"1","updateTime":"2026-01-20T07:15:52.241255023Z","buildId":"8e3e4b29-d788-4b20-99a9-6d1d1e7724bd","buildName":"projects/856086369170/locations/asia-south1/builds/8e3e4b29-d788-4b20-99a9-6d1d1e7724bd"}}
[debug] [2026-01-20T07:17:22.357Z] [create-default-asia-south1-computeFinder] Retrying task index 0
[debug] [2026-01-20T07:17:22.357Z] Checked if tokens are valid: true, expires at: 1768896130301
[debug] [2026-01-20T07:17:22.357Z] Checked if tokens are valid: true, expires at: 1768896130301
[debug] [2026-01-20T07:17:22.357Z] >>> [apiv2][query] GET https://cloudfunctions.googleapis.com/v1/operations/cHJvamVjdHMvcmFhaGVkZWVuLWluLXByb2QvbG9jYXRpb25zL2FzaWEtc291dGgxL29wZXJhdGlvbnMvb3BlcmF0aW9uLTE3Njg4OTMzNDkxOTEtNjQ4Y2M5M2I5NWRkYy02MTg1Yzc3My1jMWU3ZjhjNA [none]
[debug] [2026-01-20T07:17:22.651Z] <<< [apiv2][status] GET https://cloudfunctions.googleapis.com/v1/operations/cHJvamVjdHMvcmFhaGVkZWVuLWluLXByb2QvbG9jYXRpb25zL2FzaWEtc291dGgxL29wZXJhdGlvbnMvb3BlcmF0aW9uLTE3Njg4OTMzNDkxOTEtNjQ4Y2M5M2I5NWRkYy02MTg1Yzc3My1jMWU3ZjhjNA 200
[debug] [2026-01-20T07:17:22.651Z] <<< [apiv2][body] GET https://cloudfunctions.googleapis.com/v1/operations/cHJvamVjdHMvcmFhaGVkZWVuLWluLXByb2QvbG9jYXRpb25zL2FzaWEtc291dGgxL29wZXJhdGlvbnMvb3BlcmF0aW9uLTE3Njg4OTMzNDkxOTEtNjQ4Y2M5M2I5NWRkYy02MTg1Yzc3My1jMWU3ZjhjNA {"name":"operations/cHJvamVjdHMvcmFhaGVkZWVuLWluLXByb2QvbG9jYXRpb25zL2FzaWEtc291dGgxL29wZXJhdGlvbnMvb3BlcmF0aW9uLTE3Njg4OTMzNDkxOTEtNjQ4Y2M5M2I5NWRkYy02MTg1Yzc3My1jMWU3ZjhjNA","metadata":{"@type":"type.googleapis.com/google.cloud.functions.v1.OperationMetadataV1","target":"projects/raahedeen-in-prod/locations/asia-south1/functions/computeFinder","type":"CREATE_FUNCTION","request":{"@type":"type.googleapis.com/google.cloud.functions.v1.CloudFunction","name":"projects/raahedeen-in-prod/locations/asia-south1/functions/computeFinder","httpsTrigger":{"securityLevel":"SECURE_ALWAYS"},"entryPoint":"computeFinder","updateTime":"1970-01-01T00:00:00Z","labels":{"deployment-tool":"cli-firebase","deployment-callable":"true","firebase-functions-hash":"83eef2ab9d37363b4ef3845a455e14a8e118ac1e"},"sourceUploadUrl":"https://storage.googleapis.com/uploads-1078618715272.asia-south1.cloudfunctions.appspot.com/639d2add-6cd1-4677-8693-61e32dc3679b.zip?GoogleAccessId=service-856086369170@gcf-admin-robot.iam.gserviceaccount.com&Expires=1768895148&Signature=V8Nbxa4Icg7NextjUdJUuazR4uuxb7e9O2B4yGbHm0V8rdINxFABxdqerHCJ06BP5TaalJ1YJCwELhGwaz%2FNdYtf3QprZZEIxT7NPgmsjqyTqcGmDD8RyV4Cfd4pDW4BUW8HzgRrbbi26uisRPJoiAlW%2FME%2BEuif5P1SLGRQG0ad9hlBmKCZFpuiCk1WwhBhyl911THcFVqVatvemH3%2BX7sweMydJUzhX1nPo9nGZ9mARHsh33UJAoBddSugh8XVSrn6tZbALyQXXNUyFQMN9nowYEadJuJUqsM%2FdOaB0ZsxntPPS6x4y24Gdy86gfwmKcjvoiHFobejksACPgR83w%3D%3D","environmentVariables":{"FIREBASE_CONFIG":"{\"projectId\":\"raahedeen-in-prod\",\"storageBucket\":\"raahedeen-in-prod.firebasestorage.app\"}","GCLOUD_PROJECT":"raahedeen-in-prod","EVENTARC_CLOUD_EVENT_SOURCE":"projects/raahedeen-in-prod/locations/asia-south1/functions/computeFinder"},"runtime":"nodejs20","buildEnvironmentVariables":{"GOOGLE_NODE_RUN_SCRIPTS":""},"dockerRegistry":"ARTIFACT_REGISTRY"},"versionId":"1","updateTime":"2026-01-20T07:15:52.241255023Z","buildId":"8e3e4b29-d788-4b20-99a9-6d1d1e7724bd","buildName":"projects/856086369170/locations/asia-south1/builds/8e3e4b29-d788-4b20-99a9-6d1d1e7724bd"}}
[debug] [2026-01-20T07:17:32.658Z] [create-default-asia-south1-computeFinder] Retrying task index 0
[debug] [2026-01-20T07:17:32.659Z] Checked if tokens are valid: true, expires at: 1768896130301
[debug] [2026-01-20T07:17:32.659Z] Checked if tokens are valid: true, expires at: 1768896130301
[debug] [2026-01-20T07:17:32.659Z] >>> [apiv2][query] GET https://cloudfunctions.googleapis.com/v1/operations/cHJvamVjdHMvcmFhaGVkZWVuLWluLXByb2QvbG9jYXRpb25zL2FzaWEtc291dGgxL29wZXJhdGlvbnMvb3BlcmF0aW9uLTE3Njg4OTMzNDkxOTEtNjQ4Y2M5M2I5NWRkYy02MTg1Yzc3My1jMWU3ZjhjNA [none]
[debug] [2026-01-20T07:17:32.909Z] <<< [apiv2][status] GET https://cloudfunctions.googleapis.com/v1/operations/cHJvamVjdHMvcmFhaGVkZWVuLWluLXByb2QvbG9jYXRpb25zL2FzaWEtc291dGgxL29wZXJhdGlvbnMvb3BlcmF0aW9uLTE3Njg4OTMzNDkxOTEtNjQ4Y2M5M2I5NWRkYy02MTg1Yzc3My1jMWU3ZjhjNA 200
[debug] [2026-01-20T07:17:32.909Z] <<< [apiv2][body] GET https://cloudfunctions.googleapis.com/v1/operations/cHJvamVjdHMvcmFhaGVkZWVuLWluLXByb2QvbG9jYXRpb25zL2FzaWEtc291dGgxL29wZXJhdGlvbnMvb3BlcmF0aW9uLTE3Njg4OTMzNDkxOTEtNjQ4Y2M5M2I5NWRkYy02MTg1Yzc3My1jMWU3ZjhjNA {"name":"operations/cHJvamVjdHMvcmFhaGVkZWVuLWluLXByb2QvbG9jYXRpb25zL2FzaWEtc291dGgxL29wZXJhdGlvbnMvb3BlcmF0aW9uLTE3Njg4OTMzNDkxOTEtNjQ4Y2M5M2I5NWRkYy02MTg1Yzc3My1jMWU3ZjhjNA","metadata":{"@type":"type.googleapis.com/google.cloud.functions.v1.OperationMetadataV1","target":"projects/raahedeen-in-prod/locations/asia-south1/functions/computeFinder","type":"CREATE_FUNCTION","request":{"@type":"type.googleapis.com/google.cloud.functions.v1.CloudFunction","name":"projects/raahedeen-in-prod/locations/asia-south1/functions/computeFinder","httpsTrigger":{"securityLevel":"SECURE_ALWAYS"},"entryPoint":"computeFinder","updateTime":"1970-01-01T00:00:00Z","labels":{"deployment-tool":"cli-firebase","deployment-callable":"true","firebase-functions-hash":"83eef2ab9d37363b4ef3845a455e14a8e118ac1e"},"sourceUploadUrl":"https://storage.googleapis.com/uploads-1078618715272.asia-south1.cloudfunctions.appspot.com/639d2add-6cd1-4677-8693-61e32dc3679b.zip?GoogleAccessId=service-856086369170@gcf-admin-robot.iam.gserviceaccount.com&Expires=1768895148&Signature=V8Nbxa4Icg7NextjUdJUuazR4uuxb7e9O2B4yGbHm0V8rdINxFABxdqerHCJ06BP5TaalJ1YJCwELhGwaz%2FNdYtf3QprZZEIxT7NPgmsjqyTqcGmDD8RyV4Cfd4pDW4BUW8HzgRrbbi26uisRPJoiAlW%2FME%2BEuif5P1SLGRQG0ad9hlBmKCZFpuiCk1WwhBhyl911THcFVqVatvemH3%2BX7sweMydJUzhX1nPo9nGZ9mARHsh33UJAoBddSugh8XVSrn6tZbALyQXXNUyFQMN9nowYEadJuJUqsM%2FdOaB0ZsxntPPS6x4y24Gdy86gfwmKcjvoiHFobejksACPgR83w%3D%3D","environmentVariables":{"FIREBASE_CONFIG":"{\"projectId\":\"raahedeen-in-prod\",\"storageBucket\":\"raahedeen-in-prod.firebasestorage.app\"}","GCLOUD_PROJECT":"raahedeen-in-prod","EVENTARC_CLOUD_EVENT_SOURCE":"projects/raahedeen-in-prod/locations/asia-south1/functions/computeFinder"},"runtime":"nodejs20","buildEnvironmentVariables":{"GOOGLE_NODE_RUN_SCRIPTS":""},"dockerRegistry":"ARTIFACT_REGISTRY"},"versionId":"1","updateTime":"2026-01-20T07:15:52.241255023Z","buildId":"8e3e4b29-d788-4b20-99a9-6d1d1e7724bd","sourceToken":"530f5358-f841-4b42-9f9f-3c5bc234e414","buildName":"projects/856086369170/locations/asia-south1/builds/8e3e4b29-d788-4b20-99a9-6d1d1e7724bd"}}
[debug] [2026-01-20T07:17:32.909Z] Got source token 530f5358-f841-4b42-9f9f-3c5bc234e414 for region asia-south1
[debug] [2026-01-20T07:17:32.910Z] Checked if tokens are valid: true, expires at: 1768896130301
[debug] [2026-01-20T07:17:32.910Z] Checked if tokens are valid: true, expires at: 1768896130301
[debug] [2026-01-20T07:17:32.910Z] Checked if tokens are valid: true, expires at: 1768896130301
[debug] [2026-01-20T07:17:32.910Z] Checked if tokens are valid: true, expires at: 1768896130301
[debug] [2026-01-20T07:17:32.910Z] Checked if tokens are valid: true, expires at: 1768896130301
[debug] [2026-01-20T07:17:32.910Z] Checked if tokens are valid: true, expires at: 1768896130301
[debug] [2026-01-20T07:17:32.910Z] Checked if tokens are valid: true, expires at: 1768896130301
[debug] [2026-01-20T07:17:32.910Z] Checked if tokens are valid: true, expires at: 1768896130301
[debug] [2026-01-20T07:17:32.910Z] Checked if tokens are valid: true, expires at: 1768896130301
[debug] [2026-01-20T07:17:32.910Z] Checked if tokens are valid: true, expires at: 1768896130301
[debug] [2026-01-20T07:17:32.910Z] Checked if tokens are valid: true, expires at: 1768896130301
[debug] [2026-01-20T07:17:32.910Z] Checked if tokens are valid: true, expires at: 1768896130301
[debug] [2026-01-20T07:17:32.910Z] >>> [apiv2][query] POST https://cloudfunctions.googleapis.com/v1/projects/raahedeen-in-prod/locations/asia-south1/functions [none]
[debug] [2026-01-20T07:17:32.910Z] >>> [apiv2][body] POST https://cloudfunctions.googleapis.com/v1/projects/raahedeen-in-prod/locations/asia-south1/functions {"name":"projects/raahedeen-in-prod/locations/asia-south1/functions/sendBroadcast","sourceUploadUrl":"https://storage.googleapis.com/uploads-1078618715272.asia-south1.cloudfunctions.appspot.com/639d2add-6cd1-4677-8693-61e32dc3679b.zip?GoogleAccessId=service-856086369170@gcf-admin-robot.iam.gserviceaccount.com&Expires=1768895148&Signature=V8Nbxa4Icg7NextjUdJUuazR4uuxb7e9O2B4yGbHm0V8rdINxFABxdqerHCJ06BP5TaalJ1YJCwELhGwaz%2FNdYtf3QprZZEIxT7NPgmsjqyTqcGmDD8RyV4Cfd4pDW4BUW8HzgRrbbi26uisRPJoiAlW%2FME%2BEuif5P1SLGRQG0ad9hlBmKCZFpuiCk1WwhBhyl911THcFVqVatvemH3%2BX7sweMydJUzhX1nPo9nGZ9mARHsh33UJAoBddSugh8XVSrn6tZbALyQXXNUyFQMN9nowYEadJuJUqsM%2FdOaB0ZsxntPPS6x4y24Gdy86gfwmKcjvoiHFobejksACPgR83w%3D%3D","entryPoint":"sendBroadcast","runtime":"nodejs20","dockerRegistry":"ARTIFACT_REGISTRY","labels":{"deployment-tool":"cli-firebase","deployment-callable":"true","firebase-functions-hash":"83eef2ab9d37363b4ef3845a455e14a8e118ac1e"},"httpsTrigger":{"securityLevel":"SECURE_ALWAYS"},"minInstances":null,"maxInstances":null,"ingressSettings":null,"environmentVariables":{"FIREBASE_CONFIG":"{\"projectId\":\"raahedeen-in-prod\",\"storageBucket\":\"raahedeen-in-prod.firebasestorage.app\"}","GCLOUD_PROJECT":"raahedeen-in-prod","EVENTARC_CLOUD_EVENT_SOURCE":"projects/raahedeen-in-prod/locations/asia-south1/functions/sendBroadcast"},"serviceAccountEmail":null,"availableMemoryMb":null,"timeout":null,"vpcConnector":null,"vpcConnectorEgressSettings":null,"sourceToken":"530f5358-f841-4b42-9f9f-3c5bc234e414","buildEnvironmentVariables":{"GOOGLE_NODE_RUN_SCRIPTS":""}}
[debug] [2026-01-20T07:17:32.911Z] >>> [apiv2][query] POST https://cloudfunctions.googleapis.com/v1/projects/raahedeen-in-prod/locations/asia-south1/functions [none]
[debug] [2026-01-20T07:17:32.911Z] >>> [apiv2][body] POST https://cloudfunctions.googleapis.com/v1/projects/raahedeen-in-prod/locations/asia-south1/functions {"name":"projects/raahedeen-in-prod/locations/asia-south1/functions/onAuthCreate","sourceUploadUrl":"https://storage.googleapis.com/uploads-1078618715272.asia-south1.cloudfunctions.appspot.com/639d2add-6cd1-4677-8693-61e32dc3679b.zip?GoogleAccessId=service-856086369170@gcf-admin-robot.iam.gserviceaccount.com&Expires=1768895148&Signature=V8Nbxa4Icg7NextjUdJUuazR4uuxb7e9O2B4yGbHm0V8rdINxFABxdqerHCJ06BP5TaalJ1YJCwELhGwaz%2FNdYtf3QprZZEIxT7NPgmsjqyTqcGmDD8RyV4Cfd4pDW4BUW8HzgRrbbi26uisRPJoiAlW%2FME%2BEuif5P1SLGRQG0ad9hlBmKCZFpuiCk1WwhBhyl911THcFVqVatvemH3%2BX7sweMydJUzhX1nPo9nGZ9mARHsh33UJAoBddSugh8XVSrn6tZbALyQXXNUyFQMN9nowYEadJuJUqsM%2FdOaB0ZsxntPPS6x4y24Gdy86gfwmKcjvoiHFobejksACPgR83w%3D%3D","entryPoint":"onAuthCreate","runtime":"nodejs20","dockerRegistry":"ARTIFACT_REGISTRY","labels":{"deployment-tool":"cli-firebase","firebase-functions-hash":"83eef2ab9d37363b4ef3845a455e14a8e118ac1e"},"eventTrigger":{"eventType":"providers/firebase.auth/eventTypes/user.create","resource":"projects/raahedeen-in-prod"},"minInstances":null,"maxInstances":null,"ingressSettings":null,"environmentVariables":{"FIREBASE_CONFIG":"{\"projectId\":\"raahedeen-in-prod\",\"storageBucket\":\"raahedeen-in-prod.firebasestorage.app\"}","GCLOUD_PROJECT":"raahedeen-in-prod","EVENTARC_CLOUD_EVENT_SOURCE":"projects/raahedeen-in-prod/locations/asia-south1/functions/onAuthCreate"},"serviceAccountEmail":null,"availableMemoryMb":null,"timeout":null,"vpcConnector":null,"vpcConnectorEgressSettings":null,"sourceToken":"530f5358-f841-4b42-9f9f-3c5bc234e414","buildEnvironmentVariables":{"GOOGLE_NODE_RUN_SCRIPTS":""}}
[debug] [2026-01-20T07:17:32.911Z] >>> [apiv2][query] POST https://cloudfunctions.googleapis.com/v1/projects/raahedeen-in-prod/locations/asia-south1/functions [none]
[debug] [2026-01-20T07:17:32.911Z] >>> [apiv2][body] POST https://cloudfunctions.googleapis.com/v1/projects/raahedeen-in-prod/locations/asia-south1/functions {"name":"projects/raahedeen-in-prod/locations/asia-south1/functions/setAdminRole","sourceUploadUrl":"https://storage.googleapis.com/uploads-1078618715272.asia-south1.cloudfunctions.appspot.com/639d2add-6cd1-4677-8693-61e32dc3679b.zip?GoogleAccessId=service-856086369170@gcf-admin-robot.iam.gserviceaccount.com&Expires=1768895148&Signature=V8Nbxa4Icg7NextjUdJUuazR4uuxb7e9O2B4yGbHm0V8rdINxFABxdqerHCJ06BP5TaalJ1YJCwELhGwaz%2FNdYtf3QprZZEIxT7NPgmsjqyTqcGmDD8RyV4Cfd4pDW4BUW8HzgRrbbi26uisRPJoiAlW%2FME%2BEuif5P1SLGRQG0ad9hlBmKCZFpuiCk1WwhBhyl911THcFVqVatvemH3%2BX7sweMydJUzhX1nPo9nGZ9mARHsh33UJAoBddSugh8XVSrn6tZbALyQXXNUyFQMN9nowYEadJuJUqsM%2FdOaB0ZsxntPPS6x4y24Gdy86gfwmKcjvoiHFobejksACPgR83w%3D%3D","entryPoint":"setAdminRole","runtime":"nodejs20","dockerRegistry":"ARTIFACT_REGISTRY","labels":{"deployment-tool":"cli-firebase","deployment-callable":"true","firebase-functions-hash":"83eef2ab9d37363b4ef3845a455e14a8e118ac1e"},"httpsTrigger":{"securityLevel":"SECURE_ALWAYS"},"minInstances":null,"maxInstances":null,"ingressSettings":null,"environmentVariables":{"FIREBASE_CONFIG":"{\"projectId\":\"raahedeen-in-prod\",\"storageBucket\":\"raahedeen-in-prod.firebasestorage.app\"}","GCLOUD_PROJECT":"raahedeen-in-prod","EVENTARC_CLOUD_EVENT_SOURCE":"projects/raahedeen-in-prod/locations/asia-south1/functions/setAdminRole"},"serviceAccountEmail":null,"availableMemoryMb":null,"timeout":null,"vpcConnector":null,"vpcConnectorEgressSettings":null,"sourceToken":"530f5358-f841-4b42-9f9f-3c5bc234e414","buildEnvironmentVariables":{"GOOGLE_NODE_RUN_SCRIPTS":""}}
[debug] [2026-01-20T07:17:32.913Z] >>> [apiv2][query] POST https://cloudfunctions.googleapis.com/v1/projects/raahedeen-in-prod/locations/asia-south1/functions [none]
[debug] [2026-01-20T07:17:32.913Z] >>> [apiv2][body] POST https://cloudfunctions.googleapis.com/v1/projects/raahedeen-in-prod/locations/asia-south1/functions {"name":"projects/raahedeen-in-prod/locations/asia-south1/functions/listUsers","sourceUploadUrl":"https://storage.googleapis.com/uploads-1078618715272.asia-south1.cloudfunctions.appspot.com/639d2add-6cd1-4677-8693-61e32dc3679b.zip?GoogleAccessId=service-856086369170@gcf-admin-robot.iam.gserviceaccount.com&Expires=1768895148&Signature=V8Nbxa4Icg7NextjUdJUuazR4uuxb7e9O2B4yGbHm0V8rdINxFABxdqerHCJ06BP5TaalJ1YJCwELhGwaz%2FNdYtf3QprZZEIxT7NPgmsjqyTqcGmDD8RyV4Cfd4pDW4BUW8HzgRrbbi26uisRPJoiAlW%2FME%2BEuif5P1SLGRQG0ad9hlBmKCZFpuiCk1WwhBhyl911THcFVqVatvemH3%2BX7sweMydJUzhX1nPo9nGZ9mARHsh33UJAoBddSugh8XVSrn6tZbALyQXXNUyFQMN9nowYEadJuJUqsM%2FdOaB0ZsxntPPS6x4y24Gdy86gfwmKcjvoiHFobejksACPgR83w%3D%3D","entryPoint":"listUsers","runtime":"nodejs20","dockerRegistry":"ARTIFACT_REGISTRY","labels":{"deployment-tool":"cli-firebase","deployment-callable":"true","firebase-functions-hash":"83eef2ab9d37363b4ef3845a455e14a8e118ac1e"},"httpsTrigger":{"securityLevel":"SECURE_ALWAYS"},"minInstances":null,"maxInstances":null,"ingressSettings":null,"environmentVariables":{"FIREBASE_CONFIG":"{\"projectId\":\"raahedeen-in-prod\",\"storageBucket\":\"raahedeen-in-prod.firebasestorage.app\"}","GCLOUD_PROJECT":"raahedeen-in-prod","EVENTARC_CLOUD_EVENT_SOURCE":"projects/raahedeen-in-prod/locations/asia-south1/functions/listUsers"},"serviceAccountEmail":null,"availableMemoryMb":null,"timeout":null,"vpcConnector":null,"vpcConnectorEgressSettings":null,"sourceToken":"530f5358-f841-4b42-9f9f-3c5bc234e414","buildEnvironmentVariables":{"GOOGLE_NODE_RUN_SCRIPTS":""}}
[debug] [2026-01-20T07:17:32.913Z] >>> [apiv2][query] POST https://cloudfunctions.googleapis.com/v1/projects/raahedeen-in-prod/locations/asia-south1/functions [none]
[debug] [2026-01-20T07:17:32.913Z] >>> [apiv2][body] POST https://cloudfunctions.googleapis.com/v1/projects/raahedeen-in-prod/locations/asia-south1/functions {"name":"projects/raahedeen-in-prod/locations/asia-south1/functions/makeAdmin","sourceUploadUrl":"https://storage.googleapis.com/uploads-1078618715272.asia-south1.cloudfunctions.appspot.com/639d2add-6cd1-4677-8693-61e32dc3679b.zip?GoogleAccessId=service-856086369170@gcf-admin-robot.iam.gserviceaccount.com&Expires=1768895148&Signature=V8Nbxa4Icg7NextjUdJUuazR4uuxb7e9O2B4yGbHm0V8rdINxFABxdqerHCJ06BP5TaalJ1YJCwELhGwaz%2FNdYtf3QprZZEIxT7NPgmsjqyTqcGmDD8RyV4Cfd4pDW4BUW8HzgRrbbi26uisRPJoiAlW%2FME%2BEuif5P1SLGRQG0ad9hlBmKCZFpuiCk1WwhBhyl911THcFVqVatvemH3%2BX7sweMydJUzhX1nPo9nGZ9mARHsh33UJAoBddSugh8XVSrn6tZbALyQXXNUyFQMN9nowYEadJuJUqsM%2FdOaB0ZsxntPPS6x4y24Gdy86gfwmKcjvoiHFobejksACPgR83w%3D%3D","entryPoint":"makeAdmin","runtime":"nodejs20","dockerRegistry":"ARTIFACT_REGISTRY","labels":{"deployment-tool":"cli-firebase","deployment-callable":"true","firebase-functions-hash":"83eef2ab9d37363b4ef3845a455e14a8e118ac1e"},"httpsTrigger":{"securityLevel":"SECURE_ALWAYS"},"minInstances":null,"maxInstances":null,"ingressSettings":null,"environmentVariables":{"FIREBASE_CONFIG":"{\"projectId\":\"raahedeen-in-prod\",\"storageBucket\":\"raahedeen-in-prod.firebasestorage.app\"}","GCLOUD_PROJECT":"raahedeen-in-prod","EVENTARC_CLOUD_EVENT_SOURCE":"projects/raahedeen-in-prod/locations/asia-south1/functions/makeAdmin"},"serviceAccountEmail":null,"availableMemoryMb":null,"timeout":null,"vpcConnector":null,"vpcConnectorEgressSettings":null,"sourceToken":"530f5358-f841-4b42-9f9f-3c5bc234e414","buildEnvironmentVariables":{"GOOGLE_NODE_RUN_SCRIPTS":""}}
[debug] [2026-01-20T07:17:32.914Z] >>> [apiv2][query] POST https://cloudfunctions.googleapis.com/v1/projects/raahedeen-in-prod/locations/asia-south1/functions [none]
[debug] [2026-01-20T07:17:32.914Z] >>> [apiv2][body] POST https://cloudfunctions.googleapis.com/v1/projects/raahedeen-in-prod/locations/asia-south1/functions {"name":"projects/raahedeen-in-prod/locations/asia-south1/functions/bootstrapSeed","sourceUploadUrl":"https://storage.googleapis.com/uploads-1078618715272.asia-south1.cloudfunctions.appspot.com/639d2add-6cd1-4677-8693-61e32dc3679b.zip?GoogleAccessId=service-856086369170@gcf-admin-robot.iam.gserviceaccount.com&Expires=1768895148&Signature=V8Nbxa4Icg7NextjUdJUuazR4uuxb7e9O2B4yGbHm0V8rdINxFABxdqerHCJ06BP5TaalJ1YJCwELhGwaz%2FNdYtf3QprZZEIxT7NPgmsjqyTqcGmDD8RyV4Cfd4pDW4BUW8HzgRrbbi26uisRPJoiAlW%2FME%2BEuif5P1SLGRQG0ad9hlBmKCZFpuiCk1WwhBhyl911THcFVqVatvemH3%2BX7sweMydJUzhX1nPo9nGZ9mARHsh33UJAoBddSugh8XVSrn6tZbALyQXXNUyFQMN9nowYEadJuJUqsM%2FdOaB0ZsxntPPS6x4y24Gdy86gfwmKcjvoiHFobejksACPgR83w%3D%3D","entryPoint":"bootstrapSeed","runtime":"nodejs20","dockerRegistry":"ARTIFACT_REGISTRY","labels":{"deployment-tool":"cli-firebase","deployment-callable":"true","firebase-functions-hash":"83eef2ab9d37363b4ef3845a455e14a8e118ac1e"},"httpsTrigger":{"securityLevel":"SECURE_ALWAYS"},"minInstances":null,"maxInstances":null,"ingressSettings":null,"environmentVariables":{"FIREBASE_CONFIG":"{\"projectId\":\"raahedeen-in-prod\",\"storageBucket\":\"raahedeen-in-prod.firebasestorage.app\"}","GCLOUD_PROJECT":"raahedeen-in-prod","EVENTARC_CLOUD_EVENT_SOURCE":"projects/raahedeen-in-prod/locations/asia-south1/functions/bootstrapSeed"},"serviceAccountEmail":null,"availableMemoryMb":null,"timeout":null,"vpcConnector":null,"vpcConnectorEgressSettings":null,"sourceToken":"530f5358-f841-4b42-9f9f-3c5bc234e414","buildEnvironmentVariables":{"GOOGLE_NODE_RUN_SCRIPTS":""}}
[debug] [2026-01-20T07:17:33.665Z] <<< [apiv2][status] POST https://cloudfunctions.googleapis.com/v1/projects/raahedeen-in-prod/locations/asia-south1/functions 200
[debug] [2026-01-20T07:17:33.665Z] <<< [apiv2][body] POST https://cloudfunctions.googleapis.com/v1/projects/raahedeen-in-prod/locations/asia-south1/functions {"name":"operations/cHJvamVjdHMvcmFhaGVkZWVuLWluLXByb2QvbG9jYXRpb25zL2FzaWEtc291dGgxL29wZXJhdGlvbnMvb3BlcmF0aW9uLTE3Njg4OTM0NTE3ODQtNjQ4Y2M5OWQ2Y2ZhMC0zNGExZWY3NS02ODZhYWZjNg","metadata":{"@type":"type.googleapis.com/google.cloud.functions.v1.OperationMetadataV1","target":"projects/raahedeen-in-prod/locations/asia-south1/functions/sendBroadcast","updateTime":"2026-01-20T07:17:32.243055532Z"}}
[debug] [2026-01-20T07:17:33.665Z] Checked if tokens are valid: true, expires at: 1768896130301
[debug] [2026-01-20T07:17:33.665Z] Checked if tokens are valid: true, expires at: 1768896130301
[debug] [2026-01-20T07:17:33.665Z] >>> [apiv2][query] GET https://cloudfunctions.googleapis.com/v1/operations/cHJvamVjdHMvcmFhaGVkZWVuLWluLXByb2QvbG9jYXRpb25zL2FzaWEtc291dGgxL29wZXJhdGlvbnMvb3BlcmF0aW9uLTE3Njg4OTM0NTE3ODQtNjQ4Y2M5OWQ2Y2ZhMC0zNGExZWY3NS02ODZhYWZjNg [none]
[debug] [2026-01-20T07:17:33.899Z] <<< [apiv2][status] POST https://cloudfunctions.googleapis.com/v1/projects/raahedeen-in-prod/locations/asia-south1/functions 200
[debug] [2026-01-20T07:17:33.899Z] <<< [apiv2][body] POST https://cloudfunctions.googleapis.com/v1/projects/raahedeen-in-prod/locations/asia-south1/functions {"name":"operations/cHJvamVjdHMvcmFhaGVkZWVuLWluLXByb2QvbG9jYXRpb25zL2FzaWEtc291dGgxL29wZXJhdGlvbnMvb3BlcmF0aW9uLTE3Njg4OTM0NTIwNTUtNjQ4Y2M5OWRhZjM0Mi00Mjc5YjZhNC03ZTM3MTFlMA","metadata":{"@type":"type.googleapis.com/google.cloud.functions.v1.OperationMetadataV1","target":"projects/raahedeen-in-prod/locations/asia-south1/functions/onAuthCreate","updateTime":"2026-01-20T07:17:32.488402058Z"}}
[debug] [2026-01-20T07:17:33.899Z] Checked if tokens are valid: true, expires at: 1768896130301
[debug] [2026-01-20T07:17:33.899Z] Checked if tokens are valid: true, expires at: 1768896130301
[debug] [2026-01-20T07:17:33.899Z] >>> [apiv2][query] GET https://cloudfunctions.googleapis.com/v1/operations/cHJvamVjdHMvcmFhaGVkZWVuLWluLXByb2QvbG9jYXRpb25zL2FzaWEtc291dGgxL29wZXJhdGlvbnMvb3BlcmF0aW9uLTE3Njg4OTM0NTIwNTUtNjQ4Y2M5OWRhZjM0Mi00Mjc5YjZhNC03ZTM3MTFlMA [none]
[debug] [2026-01-20T07:17:33.932Z] <<< [apiv2][status] POST https://cloudfunctions.googleapis.com/v1/projects/raahedeen-in-prod/locations/asia-south1/functions 200
[debug] [2026-01-20T07:17:33.932Z] <<< [apiv2][body] POST https://cloudfunctions.googleapis.com/v1/projects/raahedeen-in-prod/locations/asia-south1/functions {"name":"operations/cHJvamVjdHMvcmFhaGVkZWVuLWluLXByb2QvbG9jYXRpb25zL2FzaWEtc291dGgxL29wZXJhdGlvbnMvb3BlcmF0aW9uLTE3Njg4OTM0NTIwNTgtNjQ4Y2M5OWRhZmVmZC0wYzdjMmEwMi1hYTJjZjgxNw","metadata":{"@type":"type.googleapis.com/google.cloud.functions.v1.OperationMetadataV1","target":"projects/raahedeen-in-prod/locations/asia-south1/functions/makeAdmin","updateTime":"2026-01-20T07:17:32.518991495Z"}}
[debug] [2026-01-20T07:17:33.932Z] Checked if tokens are valid: true, expires at: 1768896130301
[debug] [2026-01-20T07:17:33.932Z] Checked if tokens are valid: true, expires at: 1768896130301
[debug] [2026-01-20T07:17:33.932Z] >>> [apiv2][query] GET https://cloudfunctions.googleapis.com/v1/operations/cHJvamVjdHMvcmFhaGVkZWVuLWluLXByb2QvbG9jYXRpb25zL2FzaWEtc291dGgxL29wZXJhdGlvbnMvb3BlcmF0aW9uLTE3Njg4OTM0NTIwNTgtNjQ4Y2M5OWRhZmVmZC0wYzdjMmEwMi1hYTJjZjgxNw [none]
[debug] [2026-01-20T07:17:33.932Z] <<< [apiv2][status] POST https://cloudfunctions.googleapis.com/v1/projects/raahedeen-in-prod/locations/asia-south1/functions 200
[debug] [2026-01-20T07:17:33.932Z] <<< [apiv2][body] POST https://cloudfunctions.googleapis.com/v1/projects/raahedeen-in-prod/locations/asia-south1/functions {"name":"operations/cHJvamVjdHMvcmFhaGVkZWVuLWluLXByb2QvbG9jYXRpb25zL2FzaWEtc291dGgxL29wZXJhdGlvbnMvb3BlcmF0aW9uLTE3Njg4OTM0NTIwNTgtNjQ4Y2M5OWRhZmRiZC03OTE5ZTMzNS0zOWI1ZmZiYQ","metadata":{"@type":"type.googleapis.com/google.cloud.functions.v1.OperationMetadataV1","target":"projects/raahedeen-in-prod/locations/asia-south1/functions/bootstrapSeed","updateTime":"2026-01-20T07:17:32.519066745Z"}}
[debug] [2026-01-20T07:17:33.933Z] Checked if tokens are valid: true, expires at: 1768896130301
[debug] [2026-01-20T07:17:33.933Z] Checked if tokens are valid: true, expires at: 1768896130301
[debug] [2026-01-20T07:17:33.933Z] >>> [apiv2][query] GET https://cloudfunctions.googleapis.com/v1/operations/cHJvamVjdHMvcmFhaGVkZWVuLWluLXByb2QvbG9jYXRpb25zL2FzaWEtc291dGgxL29wZXJhdGlvbnMvb3BlcmF0aW9uLTE3Njg4OTM0NTIwNTgtNjQ4Y2M5OWRhZmRiZC03OTE5ZTMzNS0zOWI1ZmZiYQ [none]
[debug] [2026-01-20T07:17:33.933Z] <<< [apiv2][status] POST https://cloudfunctions.googleapis.com/v1/projects/raahedeen-in-prod/locations/asia-south1/functions 200
[debug] [2026-01-20T07:17:33.933Z] <<< [apiv2][body] POST https://cloudfunctions.googleapis.com/v1/projects/raahedeen-in-prod/locations/asia-south1/functions {"name":"operations/cHJvamVjdHMvcmFhaGVkZWVuLWluLXByb2QvbG9jYXRpb25zL2FzaWEtc291dGgxL29wZXJhdGlvbnMvb3BlcmF0aW9uLTE3Njg4OTM0NTIwNDktNjQ4Y2M5OWRhZGNjOC02YjQ2MWNhYy0xODY0N2U1MQ","metadata":{"@type":"type.googleapis.com/google.cloud.functions.v1.OperationMetadataV1","target":"projects/raahedeen-in-prod/locations/asia-south1/functions/setAdminRole","updateTime":"2026-01-20T07:17:32.517749278Z"}}
[debug] [2026-01-20T07:17:33.933Z] Checked if tokens are valid: true, expires at: 1768896130301
[debug] [2026-01-20T07:17:33.933Z] Checked if tokens are valid: true, expires at: 1768896130301
[debug] [2026-01-20T07:17:33.933Z] >>> [apiv2][query] GET https://cloudfunctions.googleapis.com/v1/operations/cHJvamVjdHMvcmFhaGVkZWVuLWluLXByb2QvbG9jYXRpb25zL2FzaWEtc291dGgxL29wZXJhdGlvbnMvb3BlcmF0aW9uLTE3Njg4OTM0NTIwNDktNjQ4Y2M5OWRhZGNjOC02YjQ2MWNhYy0xODY0N2U1MQ [none]
[debug] [2026-01-20T07:17:34.112Z] <<< [apiv2][status] POST https://cloudfunctions.googleapis.com/v1/projects/raahedeen-in-prod/locations/asia-south1/functions 200
[debug] [2026-01-20T07:17:34.112Z] <<< [apiv2][body] POST https://cloudfunctions.googleapis.com/v1/projects/raahedeen-in-prod/locations/asia-south1/functions {"name":"operations/cHJvamVjdHMvcmFhaGVkZWVuLWluLXByb2QvbG9jYXRpb25zL2FzaWEtc291dGgxL29wZXJhdGlvbnMvb3BlcmF0aW9uLTE3Njg4OTM0NTIyMDAtNjQ4Y2M5OWRkMmI3Yi05ZmVlNGU2Yy1iYmU1MGNmYw","metadata":{"@type":"type.googleapis.com/google.cloud.functions.v1.OperationMetadataV1","target":"projects/raahedeen-in-prod/locations/asia-south1/functions/listUsers","updateTime":"2026-01-20T07:17:32.678122168Z"}}
[debug] [2026-01-20T07:17:34.112Z] Checked if tokens are valid: true, expires at: 1768896130301
[debug] [2026-01-20T07:17:34.112Z] Checked if tokens are valid: true, expires at: 1768896130301
[debug] [2026-01-20T07:17:34.112Z] >>> [apiv2][query] GET https://cloudfunctions.googleapis.com/v1/operations/cHJvamVjdHMvcmFhaGVkZWVuLWluLXByb2QvbG9jYXRpb25zL2FzaWEtc291dGgxL29wZXJhdGlvbnMvb3BlcmF0aW9uLTE3Njg4OTM0NTIyMDAtNjQ4Y2M5OWRkMmI3Yi05ZmVlNGU2Yy1iYmU1MGNmYw [none]
[debug] [2026-01-20T07:17:34.125Z] <<< [apiv2][status] GET https://cloudfunctions.googleapis.com/v1/operations/cHJvamVjdHMvcmFhaGVkZWVuLWluLXByb2QvbG9jYXRpb25zL2FzaWEtc291dGgxL29wZXJhdGlvbnMvb3BlcmF0aW9uLTE3Njg4OTM0NTIwNTgtNjQ4Y2M5OWRhZmRiZC03OTE5ZTMzNS0zOWI1ZmZiYQ 200
[debug] [2026-01-20T07:17:34.125Z] <<< [apiv2][body] GET https://cloudfunctions.googleapis.com/v1/operations/cHJvamVjdHMvcmFhaGVkZWVuLWluLXByb2QvbG9jYXRpb25zL2FzaWEtc291dGgxL29wZXJhdGlvbnMvb3BlcmF0aW9uLTE3Njg4OTM0NTIwNTgtNjQ4Y2M5OWRhZmRiZC03OTE5ZTMzNS0zOWI1ZmZiYQ {"name":"operations/cHJvamVjdHMvcmFhaGVkZWVuLWluLXByb2QvbG9jYXRpb25zL2FzaWEtc291dGgxL29wZXJhdGlvbnMvb3BlcmF0aW9uLTE3Njg4OTM0NTIwNTgtNjQ4Y2M5OWRhZmRiZC03OTE5ZTMzNS0zOWI1ZmZiYQ","metadata":{"@type":"type.googleapis.com/google.cloud.functions.v1.OperationMetadataV1","target":"projects/raahedeen-in-prod/locations/asia-south1/functions/bootstrapSeed","updateTime":"2026-01-20T07:17:32.519066745Z"}}
[debug] [2026-01-20T07:17:34.125Z] <<< [apiv2][status] GET https://cloudfunctions.googleapis.com/v1/operations/cHJvamVjdHMvcmFhaGVkZWVuLWluLXByb2QvbG9jYXRpb25zL2FzaWEtc291dGgxL29wZXJhdGlvbnMvb3BlcmF0aW9uLTE3Njg4OTM0NTE3ODQtNjQ4Y2M5OWQ2Y2ZhMC0zNGExZWY3NS02ODZhYWZjNg 200
[debug] [2026-01-20T07:17:34.125Z] <<< [apiv2][body] GET https://cloudfunctions.googleapis.com/v1/operations/cHJvamVjdHMvcmFhaGVkZWVuLWluLXByb2QvbG9jYXRpb25zL2FzaWEtc291dGgxL29wZXJhdGlvbnMvb3BlcmF0aW9uLTE3Njg4OTM0NTE3ODQtNjQ4Y2M5OWQ2Y2ZhMC0zNGExZWY3NS02ODZhYWZjNg {"name":"operations/cHJvamVjdHMvcmFhaGVkZWVuLWluLXByb2QvbG9jYXRpb25zL2FzaWEtc291dGgxL29wZXJhdGlvbnMvb3BlcmF0aW9uLTE3Njg4OTM0NTE3ODQtNjQ4Y2M5OWQ2Y2ZhMC0zNGExZWY3NS02ODZhYWZjNg","metadata":{"@type":"type.googleapis.com/google.cloud.functions.v1.OperationMetadataV1","target":"projects/raahedeen-in-prod/locations/asia-south1/functions/sendBroadcast","updateTime":"2026-01-20T07:17:32.243055532Z"}}
[debug] [2026-01-20T07:17:34.136Z] <<< [apiv2][status] GET https://cloudfunctions.googleapis.com/v1/operations/cHJvamVjdHMvcmFhaGVkZWVuLWluLXByb2QvbG9jYXRpb25zL2FzaWEtc291dGgxL29wZXJhdGlvbnMvb3BlcmF0aW9uLTE3Njg4OTM0NTIwNTUtNjQ4Y2M5OWRhZjM0Mi00Mjc5YjZhNC03ZTM3MTFlMA 200
[debug] [2026-01-20T07:17:34.136Z] <<< [apiv2][body] GET https://cloudfunctions.googleapis.com/v1/operations/cHJvamVjdHMvcmFhaGVkZWVuLWluLXByb2QvbG9jYXRpb25zL2FzaWEtc291dGgxL29wZXJhdGlvbnMvb3BlcmF0aW9uLTE3Njg4OTM0NTIwNTUtNjQ4Y2M5OWRhZjM0Mi00Mjc5YjZhNC03ZTM3MTFlMA {"name":"operations/cHJvamVjdHMvcmFhaGVkZWVuLWluLXByb2QvbG9jYXRpb25zL2FzaWEtc291dGgxL29wZXJhdGlvbnMvb3BlcmF0aW9uLTE3Njg4OTM0NTIwNTUtNjQ4Y2M5OWRhZjM0Mi00Mjc5YjZhNC03ZTM3MTFlMA","metadata":{"@type":"type.googleapis.com/google.cloud.functions.v1.OperationMetadataV1","target":"projects/raahedeen-in-prod/locations/asia-south1/functions/onAuthCreate","updateTime":"2026-01-20T07:17:32.488402058Z"}}
[debug] [2026-01-20T07:17:34.210Z] <<< [apiv2][status] GET https://cloudfunctions.googleapis.com/v1/operations/cHJvamVjdHMvcmFhaGVkZWVuLWluLXByb2QvbG9jYXRpb25zL2FzaWEtc291dGgxL29wZXJhdGlvbnMvb3BlcmF0aW9uLTE3Njg4OTM0NTIwNTgtNjQ4Y2M5OWRhZmVmZC0wYzdjMmEwMi1hYTJjZjgxNw 200
[debug] [2026-01-20T07:17:34.210Z] <<< [apiv2][body] GET https://cloudfunctions.googleapis.com/v1/operations/cHJvamVjdHMvcmFhaGVkZWVuLWluLXByb2QvbG9jYXRpb25zL2FzaWEtc291dGgxL29wZXJhdGlvbnMvb3BlcmF0aW9uLTE3Njg4OTM0NTIwNTgtNjQ4Y2M5OWRhZmVmZC0wYzdjMmEwMi1hYTJjZjgxNw {"name":"operations/cHJvamVjdHMvcmFhaGVkZWVuLWluLXByb2QvbG9jYXRpb25zL2FzaWEtc291dGgxL29wZXJhdGlvbnMvb3BlcmF0aW9uLTE3Njg4OTM0NTIwNTgtNjQ4Y2M5OWRhZmVmZC0wYzdjMmEwMi1hYTJjZjgxNw","metadata":{"@type":"type.googleapis.com/google.cloud.functions.v1.OperationMetadataV1","target":"projects/raahedeen-in-prod/locations/asia-south1/functions/makeAdmin","updateTime":"2026-01-20T07:17:32.518991495Z"}}
[debug] [2026-01-20T07:17:34.213Z] <<< [apiv2][status] GET https://cloudfunctions.googleapis.com/v1/operations/cHJvamVjdHMvcmFhaGVkZWVuLWluLXByb2QvbG9jYXRpb25zL2FzaWEtc291dGgxL29wZXJhdGlvbnMvb3BlcmF0aW9uLTE3Njg4OTM0NTIwNDktNjQ4Y2M5OWRhZGNjOC02YjQ2MWNhYy0xODY0N2U1MQ 200
[debug] [2026-01-20T07:17:34.213Z] <<< [apiv2][body] GET https://cloudfunctions.googleapis.com/v1/operations/cHJvamVjdHMvcmFhaGVkZWVuLWluLXByb2QvbG9jYXRpb25zL2FzaWEtc291dGgxL29wZXJhdGlvbnMvb3BlcmF0aW9uLTE3Njg4OTM0NTIwNDktNjQ4Y2M5OWRhZGNjOC02YjQ2MWNhYy0xODY0N2U1MQ {"name":"operations/cHJvamVjdHMvcmFhaGVkZWVuLWluLXByb2QvbG9jYXRpb25zL2FzaWEtc291dGgxL29wZXJhdGlvbnMvb3BlcmF0aW9uLTE3Njg4OTM0NTIwNDktNjQ4Y2M5OWRhZGNjOC02YjQ2MWNhYy0xODY0N2U1MQ","metadata":{"@type":"type.googleapis.com/google.cloud.functions.v1.OperationMetadataV1","target":"projects/raahedeen-in-prod/locations/asia-south1/functions/setAdminRole","updateTime":"2026-01-20T07:17:32.517749278Z"}}
[debug] [2026-01-20T07:17:34.302Z] <<< [apiv2][status] GET https://cloudfunctions.googleapis.com/v1/operations/cHJvamVjdHMvcmFhaGVkZWVuLWluLXByb2QvbG9jYXRpb25zL2FzaWEtc291dGgxL29wZXJhdGlvbnMvb3BlcmF0aW9uLTE3Njg4OTM0NTIyMDAtNjQ4Y2M5OWRkMmI3Yi05ZmVlNGU2Yy1iYmU1MGNmYw 200
[debug] [2026-01-20T07:17:34.302Z] <<< [apiv2][body] GET https://cloudfunctions.googleapis.com/v1/operations/cHJvamVjdHMvcmFhaGVkZWVuLWluLXByb2QvbG9jYXRpb25zL2FzaWEtc291dGgxL29wZXJhdGlvbnMvb3BlcmF0aW9uLTE3Njg4OTM0NTIyMDAtNjQ4Y2M5OWRkMmI3Yi05ZmVlNGU2Yy1iYmU1MGNmYw {"name":"operations/cHJvamVjdHMvcmFhaGVkZWVuLWluLXByb2QvbG9jYXRpb25zL2FzaWEtc291dGgxL29wZXJhdGlvbnMvb3BlcmF0aW9uLTE3Njg4OTM0NTIyMDAtNjQ4Y2M5OWRkMmI3Yi05ZmVlNGU2Yy1iYmU1MGNmYw","metadata":{"@type":"type.googleapis.com/google.cloud.functions.v1.OperationMetadataV1","target":"projects/raahedeen-in-prod/locations/asia-south1/functions/listUsers","updateTime":"2026-01-20T07:17:32.678122168Z"}}
[debug] [2026-01-20T07:17:34.626Z] [create-default-asia-south1-bootstrapSeed] Retrying task index 0
[debug] [2026-01-20T07:17:34.626Z] Checked if tokens are valid: true, expires at: 1768896130301
[debug] [2026-01-20T07:17:34.626Z] Checked if tokens are valid: true, expires at: 1768896130301
[debug] [2026-01-20T07:17:34.626Z] >>> [apiv2][query] GET https://cloudfunctions.googleapis.com/v1/operations/cHJvamVjdHMvcmFhaGVkZWVuLWluLXByb2QvbG9jYXRpb25zL2FzaWEtc291dGgxL29wZXJhdGlvbnMvb3BlcmF0aW9uLTE3Njg4OTM0NTIwNTgtNjQ4Y2M5OWRhZmRiZC03OTE5ZTMzNS0zOWI1ZmZiYQ [none]
[debug] [2026-01-20T07:17:34.626Z] [create-default-asia-south1-sendBroadcast] Retrying task index 0
[debug] [2026-01-20T07:17:34.626Z] Checked if tokens are valid: true, expires at: 1768896130301
[debug] [2026-01-20T07:17:34.626Z] Checked if tokens are valid: true, expires at: 1768896130301
[debug] [2026-01-20T07:17:34.626Z] >>> [apiv2][query] GET https://cloudfunctions.googleapis.com/v1/operations/cHJvamVjdHMvcmFhaGVkZWVuLWluLXByb2QvbG9jYXRpb25zL2FzaWEtc291dGgxL29wZXJhdGlvbnMvb3BlcmF0aW9uLTE3Njg4OTM0NTE3ODQtNjQ4Y2M5OWQ2Y2ZhMC0zNGExZWY3NS02ODZhYWZjNg [none]
[debug] [2026-01-20T07:17:34.641Z] [create-default-asia-south1-onAuthCreate] Retrying task index 0
[debug] [2026-01-20T07:17:34.641Z] Checked if tokens are valid: true, expires at: 1768896130301
[debug] [2026-01-20T07:17:34.641Z] Checked if tokens are valid: true, expires at: 1768896130301
[debug] [2026-01-20T07:17:34.641Z] >>> [apiv2][query] GET https://cloudfunctions.googleapis.com/v1/operations/cHJvamVjdHMvcmFhaGVkZWVuLWluLXByb2QvbG9jYXRpb25zL2FzaWEtc291dGgxL29wZXJhdGlvbnMvb3BlcmF0aW9uLTE3Njg4OTM0NTIwNTUtNjQ4Y2M5OWRhZjM0Mi00Mjc5YjZhNC03ZTM3MTFlMA [none]
[debug] [2026-01-20T07:17:34.719Z] [create-default-asia-south1-makeAdmin] Retrying task index 0
[debug] [2026-01-20T07:17:34.719Z] Checked if tokens are valid: true, expires at: 1768896130301
[debug] [2026-01-20T07:17:34.719Z] Checked if tokens are valid: true, expires at: 1768896130301
[debug] [2026-01-20T07:17:34.719Z] >>> [apiv2][query] GET https://cloudfunctions.googleapis.com/v1/operations/cHJvamVjdHMvcmFhaGVkZWVuLWluLXByb2QvbG9jYXRpb25zL2FzaWEtc291dGgxL29wZXJhdGlvbnMvb3BlcmF0aW9uLTE3Njg4OTM0NTIwNTgtNjQ4Y2M5OWRhZmVmZC0wYzdjMmEwMi1hYTJjZjgxNw [none]
[debug] [2026-01-20T07:17:34.719Z] [create-default-asia-south1-setAdminRole] Retrying task index 0
[debug] [2026-01-20T07:17:34.719Z] Checked if tokens are valid: true, expires at: 1768896130301
[debug] [2026-01-20T07:17:34.719Z] Checked if tokens are valid: true, expires at: 1768896130301
[debug] [2026-01-20T07:17:34.719Z] >>> [apiv2][query] GET https://cloudfunctions.googleapis.com/v1/operations/cHJvamVjdHMvcmFhaGVkZWVuLWluLXByb2QvbG9jYXRpb25zL2FzaWEtc291dGgxL29wZXJhdGlvbnMvb3BlcmF0aW9uLTE3Njg4OTM0NTIwNDktNjQ4Y2M5OWRhZGNjOC02YjQ2MWNhYy0xODY0N2U1MQ [none]
[debug] [2026-01-20T07:17:34.811Z] [create-default-asia-south1-listUsers] Retrying task index 0
[debug] [2026-01-20T07:17:34.811Z] Checked if tokens are valid: true, expires at: 1768896130301
[debug] [2026-01-20T07:17:34.811Z] Checked if tokens are valid: true, expires at: 1768896130301
[debug] [2026-01-20T07:17:34.811Z] >>> [apiv2][query] GET https://cloudfunctions.googleapis.com/v1/operations/cHJvamVjdHMvcmFhaGVkZWVuLWluLXByb2QvbG9jYXRpb25zL2FzaWEtc291dGgxL29wZXJhdGlvbnMvb3BlcmF0aW9uLTE3Njg4OTM0NTIyMDAtNjQ4Y2M5OWRkMmI3Yi05ZmVlNGU2Yy1iYmU1MGNmYw [none]
[debug] [2026-01-20T07:17:34.814Z] <<< [apiv2][status] GET https://cloudfunctions.googleapis.com/v1/operations/cHJvamVjdHMvcmFhaGVkZWVuLWluLXByb2QvbG9jYXRpb25zL2FzaWEtc291dGgxL29wZXJhdGlvbnMvb3BlcmF0aW9uLTE3Njg4OTM0NTIwNTUtNjQ4Y2M5OWRhZjM0Mi00Mjc5YjZhNC03ZTM3MTFlMA 200
[debug] [2026-01-20T07:17:34.814Z] <<< [apiv2][body] GET https://cloudfunctions.googleapis.com/v1/operations/cHJvamVjdHMvcmFhaGVkZWVuLWluLXByb2QvbG9jYXRpb25zL2FzaWEtc291dGgxL29wZXJhdGlvbnMvb3BlcmF0aW9uLTE3Njg4OTM0NTIwNTUtNjQ4Y2M5OWRhZjM0Mi00Mjc5YjZhNC03ZTM3MTFlMA {"name":"operations/cHJvamVjdHMvcmFhaGVkZWVuLWluLXByb2QvbG9jYXRpb25zL2FzaWEtc291dGgxL29wZXJhdGlvbnMvb3BlcmF0aW9uLTE3Njg4OTM0NTIwNTUtNjQ4Y2M5OWRhZjM0Mi00Mjc5YjZhNC03ZTM3MTFlMA","metadata":{"@type":"type.googleapis.com/google.cloud.functions.v1.OperationMetadataV1","target":"projects/raahedeen-in-prod/locations/asia-south1/functions/onAuthCreate","updateTime":"2026-01-20T07:17:32.488402058Z"}}
[debug] [2026-01-20T07:17:34.879Z] <<< [apiv2][status] GET https://cloudfunctions.googleapis.com/v1/operations/cHJvamVjdHMvcmFhaGVkZWVuLWluLXByb2QvbG9jYXRpb25zL2FzaWEtc291dGgxL29wZXJhdGlvbnMvb3BlcmF0aW9uLTE3Njg4OTM0NTIwNTgtNjQ4Y2M5OWRhZmRiZC03OTE5ZTMzNS0zOWI1ZmZiYQ 200
[debug] [2026-01-20T07:17:34.879Z] <<< [apiv2][body] GET https://cloudfunctions.googleapis.com/v1/operations/cHJvamVjdHMvcmFhaGVkZWVuLWluLXByb2QvbG9jYXRpb25zL2FzaWEtc291dGgxL29wZXJhdGlvbnMvb3BlcmF0aW9uLTE3Njg4OTM0NTIwNTgtNjQ4Y2M5OWRhZmRiZC03OTE5ZTMzNS0zOWI1ZmZiYQ {"name":"operations/cHJvamVjdHMvcmFhaGVkZWVuLWluLXByb2QvbG9jYXRpb25zL2FzaWEtc291dGgxL29wZXJhdGlvbnMvb3BlcmF0aW9uLTE3Njg4OTM0NTIwNTgtNjQ4Y2M5OWRhZmRiZC03OTE5ZTMzNS0zOWI1ZmZiYQ","metadata":{"@type":"type.googleapis.com/google.cloud.functions.v1.OperationMetadataV1","target":"projects/raahedeen-in-prod/locations/asia-south1/functions/bootstrapSeed","updateTime":"2026-01-20T07:17:32.519066745Z"}}
[debug] [2026-01-20T07:17:34.889Z] <<< [apiv2][status] GET https://cloudfunctions.googleapis.com/v1/operations/cHJvamVjdHMvcmFhaGVkZWVuLWluLXByb2QvbG9jYXRpb25zL2FzaWEtc291dGgxL29wZXJhdGlvbnMvb3BlcmF0aW9uLTE3Njg4OTM0NTIwNDktNjQ4Y2M5OWRhZGNjOC02YjQ2MWNhYy0xODY0N2U1MQ 200
[debug] [2026-01-20T07:17:34.890Z] <<< [apiv2][body] GET https://cloudfunctions.googleapis.com/v1/operations/cHJvamVjdHMvcmFhaGVkZWVuLWluLXByb2QvbG9jYXRpb25zL2FzaWEtc291dGgxL29wZXJhdGlvbnMvb3BlcmF0aW9uLTE3Njg4OTM0NTIwNDktNjQ4Y2M5OWRhZGNjOC02YjQ2MWNhYy0xODY0N2U1MQ {"name":"operations/cHJvamVjdHMvcmFhaGVkZWVuLWluLXByb2QvbG9jYXRpb25zL2FzaWEtc291dGgxL29wZXJhdGlvbnMvb3BlcmF0aW9uLTE3Njg4OTM0NTIwNDktNjQ4Y2M5OWRhZGNjOC02YjQ2MWNhYy0xODY0N2U1MQ","metadata":{"@type":"type.googleapis.com/google.cloud.functions.v1.OperationMetadataV1","target":"projects/raahedeen-in-prod/locations/asia-south1/functions/setAdminRole","updateTime":"2026-01-20T07:17:32.517749278Z"}}
[debug] [2026-01-20T07:17:34.890Z] <<< [apiv2][status] GET https://cloudfunctions.googleapis.com/v1/operations/cHJvamVjdHMvcmFhaGVkZWVuLWluLXByb2QvbG9jYXRpb25zL2FzaWEtc291dGgxL29wZXJhdGlvbnMvb3BlcmF0aW9uLTE3Njg4OTM0NTE3ODQtNjQ4Y2M5OWQ2Y2ZhMC0zNGExZWY3NS02ODZhYWZjNg 200
[debug] [2026-01-20T07:17:34.890Z] <<< [apiv2][body] GET https://cloudfunctions.googleapis.com/v1/operations/cHJvamVjdHMvcmFhaGVkZWVuLWluLXByb2QvbG9jYXRpb25zL2FzaWEtc291dGgxL29wZXJhdGlvbnMvb3BlcmF0aW9uLTE3Njg4OTM0NTE3ODQtNjQ4Y2M5OWQ2Y2ZhMC0zNGExZWY3NS02ODZhYWZjNg {"name":"operations/cHJvamVjdHMvcmFhaGVkZWVuLWluLXByb2QvbG9jYXRpb25zL2FzaWEtc291dGgxL29wZXJhdGlvbnMvb3BlcmF0aW9uLTE3Njg4OTM0NTE3ODQtNjQ4Y2M5OWQ2Y2ZhMC0zNGExZWY3NS02ODZhYWZjNg","metadata":{"@type":"type.googleapis.com/google.cloud.functions.v1.OperationMetadataV1","target":"projects/raahedeen-in-prod/locations/asia-south1/functions/sendBroadcast","type":"CREATE_FUNCTION","request":{"@type":"type.googleapis.com/google.cloud.functions.v1.CloudFunction","name":"projects/raahedeen-in-prod/locations/asia-south1/functions/sendBroadcast","httpsTrigger":{"securityLevel":"SECURE_ALWAYS"},"entryPoint":"sendBroadcast","updateTime":"1970-01-01T00:00:00Z","labels":{"deployment-tool":"cli-firebase","deployment-callable":"true","firebase-functions-hash":"83eef2ab9d37363b4ef3845a455e14a8e118ac1e"},"sourceUploadUrl":"https://storage.googleapis.com/uploads-1078618715272.asia-south1.cloudfunctions.appspot.com/639d2add-6cd1-4677-8693-61e32dc3679b.zip?GoogleAccessId=service-856086369170@gcf-admin-robot.iam.gserviceaccount.com&Expires=1768895148&Signature=V8Nbxa4Icg7NextjUdJUuazR4uuxb7e9O2B4yGbHm0V8rdINxFABxdqerHCJ06BP5TaalJ1YJCwELhGwaz%2FNdYtf3QprZZEIxT7NPgmsjqyTqcGmDD8RyV4Cfd4pDW4BUW8HzgRrbbi26uisRPJoiAlW%2FME%2BEuif5P1SLGRQG0ad9hlBmKCZFpuiCk1WwhBhyl911THcFVqVatvemH3%2BX7sweMydJUzhX1nPo9nGZ9mARHsh33UJAoBddSugh8XVSrn6tZbALyQXXNUyFQMN9nowYEadJuJUqsM%2FdOaB0ZsxntPPS6x4y24Gdy86gfwmKcjvoiHFobejksACPgR83w%3D%3D","environmentVariables":{"FIREBASE_CONFIG":"{\"projectId\":\"raahedeen-in-prod\",\"storageBucket\":\"raahedeen-in-prod.firebasestorage.app\"}","GCLOUD_PROJECT":"raahedeen-in-prod","EVENTARC_CLOUD_EVENT_SOURCE":"projects/raahedeen-in-prod/locations/asia-south1/functions/sendBroadcast"},"runtime":"nodejs20","buildEnvironmentVariables":{"GOOGLE_NODE_RUN_SCRIPTS":""},"sourceToken":"530f5358-f841-4b42-9f9f-3c5bc234e414","dockerRegistry":"ARTIFACT_REGISTRY"},"versionId":"1","updateTime":"2026-01-20T07:17:32.243055532Z","sourceToken":"530f5358-f841-4b42-9f9f-3c5bc234e414"}}
[debug] [2026-01-20T07:17:34.890Z] Got source token 530f5358-f841-4b42-9f9f-3c5bc234e414 for region asia-south1
[debug] [2026-01-20T07:17:34.961Z] <<< [apiv2][status] GET https://cloudfunctions.googleapis.com/v1/operations/cHJvamVjdHMvcmFhaGVkZWVuLWluLXByb2QvbG9jYXRpb25zL2FzaWEtc291dGgxL29wZXJhdGlvbnMvb3BlcmF0aW9uLTE3Njg4OTM0NTIwNTgtNjQ4Y2M5OWRhZmVmZC0wYzdjMmEwMi1hYTJjZjgxNw 200
[debug] [2026-01-20T07:17:34.961Z] <<< [apiv2][body] GET https://cloudfunctions.googleapis.com/v1/operations/cHJvamVjdHMvcmFhaGVkZWVuLWluLXByb2QvbG9jYXRpb25zL2FzaWEtc291dGgxL29wZXJhdGlvbnMvb3BlcmF0aW9uLTE3Njg4OTM0NTIwNTgtNjQ4Y2M5OWRhZmVmZC0wYzdjMmEwMi1hYTJjZjgxNw {"name":"operations/cHJvamVjdHMvcmFhaGVkZWVuLWluLXByb2QvbG9jYXRpb25zL2FzaWEtc291dGgxL29wZXJhdGlvbnMvb3BlcmF0aW9uLTE3Njg4OTM0NTIwNTgtNjQ4Y2M5OWRhZmVmZC0wYzdjMmEwMi1hYTJjZjgxNw","metadata":{"@type":"type.googleapis.com/google.cloud.functions.v1.OperationMetadataV1","target":"projects/raahedeen-in-prod/locations/asia-south1/functions/makeAdmin","type":"CREATE_FUNCTION","request":{"@type":"type.googleapis.com/google.cloud.functions.v1.CloudFunction","name":"projects/raahedeen-in-prod/locations/asia-south1/functions/makeAdmin","httpsTrigger":{"securityLevel":"SECURE_ALWAYS"},"entryPoint":"makeAdmin","updateTime":"1970-01-01T00:00:00Z","labels":{"deployment-tool":"cli-firebase","deployment-callable":"true","firebase-functions-hash":"83eef2ab9d37363b4ef3845a455e14a8e118ac1e"},"sourceUploadUrl":"https://storage.googleapis.com/uploads-1078618715272.asia-south1.cloudfunctions.appspot.com/639d2add-6cd1-4677-8693-61e32dc3679b.zip?GoogleAccessId=service-856086369170@gcf-admin-robot.iam.gserviceaccount.com&Expires=1768895148&Signature=V8Nbxa4Icg7NextjUdJUuazR4uuxb7e9O2B4yGbHm0V8rdINxFABxdqerHCJ06BP5TaalJ1YJCwELhGwaz%2FNdYtf3QprZZEIxT7NPgmsjqyTqcGmDD8RyV4Cfd4pDW4BUW8HzgRrbbi26uisRPJoiAlW%2FME%2BEuif5P1SLGRQG0ad9hlBmKCZFpuiCk1WwhBhyl911THcFVqVatvemH3%2BX7sweMydJUzhX1nPo9nGZ9mARHsh33UJAoBddSugh8XVSrn6tZbALyQXXNUyFQMN9nowYEadJuJUqsM%2FdOaB0ZsxntPPS6x4y24Gdy86gfwmKcjvoiHFobejksACPgR83w%3D%3D","environmentVariables":{"FIREBASE_CONFIG":"{\"projectId\":\"raahedeen-in-prod\",\"storageBucket\":\"raahedeen-in-prod.firebasestorage.app\"}","GCLOUD_PROJECT":"raahedeen-in-prod","EVENTARC_CLOUD_EVENT_SOURCE":"projects/raahedeen-in-prod/locations/asia-south1/functions/makeAdmin"},"runtime":"nodejs20","buildEnvironmentVariables":{"GOOGLE_NODE_RUN_SCRIPTS":""},"sourceToken":"530f5358-f841-4b42-9f9f-3c5bc234e414","dockerRegistry":"ARTIFACT_REGISTRY"},"updateTime":"2026-01-20T07:17:32.518991495Z"}}
[debug] [2026-01-20T07:17:35.076Z] <<< [apiv2][status] GET https://cloudfunctions.googleapis.com/v1/operations/cHJvamVjdHMvcmFhaGVkZWVuLWluLXByb2QvbG9jYXRpb25zL2FzaWEtc291dGgxL29wZXJhdGlvbnMvb3BlcmF0aW9uLTE3Njg4OTM0NTIyMDAtNjQ4Y2M5OWRkMmI3Yi05ZmVlNGU2Yy1iYmU1MGNmYw 200
[debug] [2026-01-20T07:17:35.076Z] <<< [apiv2][body] GET https://cloudfunctions.googleapis.com/v1/operations/cHJvamVjdHMvcmFhaGVkZWVuLWluLXByb2QvbG9jYXRpb25zL2FzaWEtc291dGgxL29wZXJhdGlvbnMvb3BlcmF0aW9uLTE3Njg4OTM0NTIyMDAtNjQ4Y2M5OWRkMmI3Yi05ZmVlNGU2Yy1iYmU1MGNmYw {"name":"operations/cHJvamVjdHMvcmFhaGVkZWVuLWluLXByb2QvbG9jYXRpb25zL2FzaWEtc291dGgxL29wZXJhdGlvbnMvb3BlcmF0aW9uLTE3Njg4OTM0NTIyMDAtNjQ4Y2M5OWRkMmI3Yi05ZmVlNGU2Yy1iYmU1MGNmYw","metadata":{"@type":"type.googleapis.com/google.cloud.functions.v1.OperationMetadataV1","target":"projects/raahedeen-in-prod/locations/asia-south1/functions/listUsers","updateTime":"2026-01-20T07:17:32.678122168Z"}}
[debug] [2026-01-20T07:17:35.826Z] [create-default-asia-south1-onAuthCreate] Retrying task index 0
[debug] [2026-01-20T07:17:35.826Z] Checked if tokens are valid: true, expires at: 1768896130301
[debug] [2026-01-20T07:17:35.826Z] Checked if tokens are valid: true, expires at: 1768896130301
[debug] [2026-01-20T07:17:35.826Z] >>> [apiv2][query] GET https://cloudfunctions.googleapis.com/v1/operations/cHJvamVjdHMvcmFhaGVkZWVuLWluLXByb2QvbG9jYXRpb25zL2FzaWEtc291dGgxL29wZXJhdGlvbnMvb3BlcmF0aW9uLTE3Njg4OTM0NTIwNTUtNjQ4Y2M5OWRhZjM0Mi00Mjc5YjZhNC03ZTM3MTFlMA [none]
[debug] [2026-01-20T07:17:35.886Z] [create-default-asia-south1-bootstrapSeed] Retrying task index 0
[debug] [2026-01-20T07:17:35.887Z] Checked if tokens are valid: true, expires at: 1768896130301
[debug] [2026-01-20T07:17:35.887Z] Checked if tokens are valid: true, expires at: 1768896130301
[debug] [2026-01-20T07:17:35.887Z] >>> [apiv2][query] GET https://cloudfunctions.googleapis.com/v1/operations/cHJvamVjdHMvcmFhaGVkZWVuLWluLXByb2QvbG9jYXRpb25zL2FzaWEtc291dGgxL29wZXJhdGlvbnMvb3BlcmF0aW9uLTE3Njg4OTM0NTIwNTgtNjQ4Y2M5OWRhZmRiZC03OTE5ZTMzNS0zOWI1ZmZiYQ [none]
[debug] [2026-01-20T07:17:35.901Z] [create-default-asia-south1-setAdminRole] Retrying task index 0
[debug] [2026-01-20T07:17:35.902Z] Checked if tokens are valid: true, expires at: 1768896130301
[debug] [2026-01-20T07:17:35.902Z] Checked if tokens are valid: true, expires at: 1768896130301
[debug] [2026-01-20T07:17:35.902Z] >>> [apiv2][query] GET https://cloudfunctions.googleapis.com/v1/operations/cHJvamVjdHMvcmFhaGVkZWVuLWluLXByb2QvbG9jYXRpb25zL2FzaWEtc291dGgxL29wZXJhdGlvbnMvb3BlcmF0aW9uLTE3Njg4OTM0NTIwNDktNjQ4Y2M5OWRhZGNjOC02YjQ2MWNhYy0xODY0N2U1MQ [none]
[debug] [2026-01-20T07:17:35.902Z] [create-default-asia-south1-sendBroadcast] Retrying task index 0
[debug] [2026-01-20T07:17:35.902Z] Checked if tokens are valid: true, expires at: 1768896130301
[debug] [2026-01-20T07:17:35.902Z] Checked if tokens are valid: true, expires at: 1768896130301
[debug] [2026-01-20T07:17:35.902Z] >>> [apiv2][query] GET https://cloudfunctions.googleapis.com/v1/operations/cHJvamVjdHMvcmFhaGVkZWVuLWluLXByb2QvbG9jYXRpb25zL2FzaWEtc291dGgxL29wZXJhdGlvbnMvb3BlcmF0aW9uLTE3Njg4OTM0NTE3ODQtNjQ4Y2M5OWQ2Y2ZhMC0zNGExZWY3NS02ODZhYWZjNg [none]
[debug] [2026-01-20T07:17:35.964Z] [create-default-asia-south1-makeAdmin] Retrying task index 0
[debug] [2026-01-20T07:17:35.964Z] Checked if tokens are valid: true, expires at: 1768896130301
[debug] [2026-01-20T07:17:35.965Z] Checked if tokens are valid: true, expires at: 1768896130301
[debug] [2026-01-20T07:17:35.965Z] >>> [apiv2][query] GET https://cloudfunctions.googleapis.com/v1/operations/cHJvamVjdHMvcmFhaGVkZWVuLWluLXByb2QvbG9jYXRpb25zL2FzaWEtc291dGgxL29wZXJhdGlvbnMvb3BlcmF0aW9uLTE3Njg4OTM0NTIwNTgtNjQ4Y2M5OWRhZmVmZC0wYzdjMmEwMi1hYTJjZjgxNw [none]
[debug] [2026-01-20T07:17:36.006Z] <<< [apiv2][status] GET https://cloudfunctions.googleapis.com/v1/operations/cHJvamVjdHMvcmFhaGVkZWVuLWluLXByb2QvbG9jYXRpb25zL2FzaWEtc291dGgxL29wZXJhdGlvbnMvb3BlcmF0aW9uLTE3Njg4OTM0NTIwNTUtNjQ4Y2M5OWRhZjM0Mi00Mjc5YjZhNC03ZTM3MTFlMA 200
[debug] [2026-01-20T07:17:36.006Z] <<< [apiv2][body] GET https://cloudfunctions.googleapis.com/v1/operations/cHJvamVjdHMvcmFhaGVkZWVuLWluLXByb2QvbG9jYXRpb25zL2FzaWEtc291dGgxL29wZXJhdGlvbnMvb3BlcmF0aW9uLTE3Njg4OTM0NTIwNTUtNjQ4Y2M5OWRhZjM0Mi00Mjc5YjZhNC03ZTM3MTFlMA {"name":"operations/cHJvamVjdHMvcmFhaGVkZWVuLWluLXByb2QvbG9jYXRpb25zL2FzaWEtc291dGgxL29wZXJhdGlvbnMvb3BlcmF0aW9uLTE3Njg4OTM0NTIwNTUtNjQ4Y2M5OWRhZjM0Mi00Mjc5YjZhNC03ZTM3MTFlMA","metadata":{"@type":"type.googleapis.com/google.cloud.functions.v1.OperationMetadataV1","target":"projects/raahedeen-in-prod/locations/asia-south1/functions/onAuthCreate","type":"CREATE_FUNCTION","request":{"@type":"type.googleapis.com/google.cloud.functions.v1.CloudFunction","name":"projects/raahedeen-in-prod/locations/asia-south1/functions/onAuthCreate","eventTrigger":{"eventType":"providers/firebase.auth/eventTypes/user.create","resource":"projects/raahedeen-in-prod","failurePolicy":{}},"entryPoint":"onAuthCreate","updateTime":"1970-01-01T00:00:00Z","labels":{"deployment-tool":"cli-firebase","firebase-functions-hash":"83eef2ab9d37363b4ef3845a455e14a8e118ac1e"},"sourceUploadUrl":"https://storage.googleapis.com/uploads-1078618715272.asia-south1.cloudfunctions.appspot.com/639d2add-6cd1-4677-8693-61e32dc3679b.zip?GoogleAccessId=service-856086369170@gcf-admin-robot.iam.gserviceaccount.com&Expires=1768895148&Signature=V8Nbxa4Icg7NextjUdJUuazR4uuxb7e9O2B4yGbHm0V8rdINxFABxdqerHCJ06BP5TaalJ1YJCwELhGwaz%2FNdYtf3QprZZEIxT7NPgmsjqyTqcGmDD8RyV4Cfd4pDW4BUW8HzgRrbbi26uisRPJoiAlW%2FME%2BEuif5P1SLGRQG0ad9hlBmKCZFpuiCk1WwhBhyl911THcFVqVatvemH3%2BX7sweMydJUzhX1nPo9nGZ9mARHsh33UJAoBddSugh8XVSrn6tZbALyQXXNUyFQMN9nowYEadJuJUqsM%2FdOaB0ZsxntPPS6x4y24Gdy86gfwmKcjvoiHFobejksACPgR83w%3D%3D","environmentVariables":{"FIREBASE_CONFIG":"{\"projectId\":\"raahedeen-in-prod\",\"storageBucket\":\"raahedeen-in-prod.firebasestorage.app\"}","GCLOUD_PROJECT":"raahedeen-in-prod","EVENTARC_CLOUD_EVENT_SOURCE":"projects/raahedeen-in-prod/locations/asia-south1/functions/onAuthCreate"},"runtime":"nodejs20","buildEnvironmentVariables":{"GOOGLE_NODE_RUN_SCRIPTS":""},"sourceToken":"530f5358-f841-4b42-9f9f-3c5bc234e414","dockerRegistry":"ARTIFACT_REGISTRY"},"versionId":"1","updateTime":"2026-01-20T07:17:32.488402058Z","sourceToken":"530f5358-f841-4b42-9f9f-3c5bc234e414"}}
[debug] [2026-01-20T07:17:36.006Z] Got source token 530f5358-f841-4b42-9f9f-3c5bc234e414 for region asia-south1
[debug] [2026-01-20T07:17:36.072Z] <<< [apiv2][status] GET https://cloudfunctions.googleapis.com/v1/operations/cHJvamVjdHMvcmFhaGVkZWVuLWluLXByb2QvbG9jYXRpb25zL2FzaWEtc291dGgxL29wZXJhdGlvbnMvb3BlcmF0aW9uLTE3Njg4OTM0NTIwNTgtNjQ4Y2M5OWRhZmRiZC03OTE5ZTMzNS0zOWI1ZmZiYQ 200
[debug] [2026-01-20T07:17:36.072Z] <<< [apiv2][body] GET https://cloudfunctions.googleapis.com/v1/operations/cHJvamVjdHMvcmFhaGVkZWVuLWluLXByb2QvbG9jYXRpb25zL2FzaWEtc291dGgxL29wZXJhdGlvbnMvb3BlcmF0aW9uLTE3Njg4OTM0NTIwNTgtNjQ4Y2M5OWRhZmRiZC03OTE5ZTMzNS0zOWI1ZmZiYQ {"name":"operations/cHJvamVjdHMvcmFhaGVkZWVuLWluLXByb2QvbG9jYXRpb25zL2FzaWEtc291dGgxL29wZXJhdGlvbnMvb3BlcmF0aW9uLTE3Njg4OTM0NTIwNTgtNjQ4Y2M5OWRhZmRiZC03OTE5ZTMzNS0zOWI1ZmZiYQ","metadata":{"@type":"type.googleapis.com/google.cloud.functions.v1.OperationMetadataV1","target":"projects/raahedeen-in-prod/locations/asia-south1/functions/bootstrapSeed","type":"CREATE_FUNCTION","request":{"@type":"type.googleapis.com/google.cloud.functions.v1.CloudFunction","name":"projects/raahedeen-in-prod/locations/asia-south1/functions/bootstrapSeed","httpsTrigger":{"securityLevel":"SECURE_ALWAYS"},"entryPoint":"bootstrapSeed","updateTime":"1970-01-01T00:00:00Z","labels":{"deployment-tool":"cli-firebase","deployment-callable":"true","firebase-functions-hash":"83eef2ab9d37363b4ef3845a455e14a8e118ac1e"},"sourceUploadUrl":"https://storage.googleapis.com/uploads-1078618715272.asia-south1.cloudfunctions.appspot.com/639d2add-6cd1-4677-8693-61e32dc3679b.zip?GoogleAccessId=service-856086369170@gcf-admin-robot.iam.gserviceaccount.com&Expires=1768895148&Signature=V8Nbxa4Icg7NextjUdJUuazR4uuxb7e9O2B4yGbHm0V8rdINxFABxdqerHCJ06BP5TaalJ1YJCwELhGwaz%2FNdYtf3QprZZEIxT7NPgmsjqyTqcGmDD8RyV4Cfd4pDW4BUW8HzgRrbbi26uisRPJoiAlW%2FME%2BEuif5P1SLGRQG0ad9hlBmKCZFpuiCk1WwhBhyl911THcFVqVatvemH3%2BX7sweMydJUzhX1nPo9nGZ9mARHsh33UJAoBddSugh8XVSrn6tZbALyQXXNUyFQMN9nowYEadJuJUqsM%2FdOaB0ZsxntPPS6x4y24Gdy86gfwmKcjvoiHFobejksACPgR83w%3D%3D","environmentVariables":{"FIREBASE_CONFIG":"{\"projectId\":\"raahedeen-in-prod\",\"storageBucket\":\"raahedeen-in-prod.firebasestorage.app\"}","GCLOUD_PROJECT":"raahedeen-in-prod","EVENTARC_CLOUD_EVENT_SOURCE":"projects/raahedeen-in-prod/locations/asia-south1/functions/bootstrapSeed"},"runtime":"nodejs20","buildEnvironmentVariables":{"GOOGLE_NODE_RUN_SCRIPTS":""},"sourceToken":"530f5358-f841-4b42-9f9f-3c5bc234e414","dockerRegistry":"ARTIFACT_REGISTRY"},"versionId":"1","updateTime":"2026-01-20T07:17:32.519066745Z","sourceToken":"530f5358-f841-4b42-9f9f-3c5bc234e414"}}
[debug] [2026-01-20T07:17:36.072Z] Got source token 530f5358-f841-4b42-9f9f-3c5bc234e414 for region asia-south1
[debug] [2026-01-20T07:17:36.088Z] [create-default-asia-south1-listUsers] Retrying task index 0
[debug] [2026-01-20T07:17:36.088Z] Checked if tokens are valid: true, expires at: 1768896130301
[debug] [2026-01-20T07:17:36.088Z] Checked if tokens are valid: true, expires at: 1768896130301
[debug] [2026-01-20T07:17:36.088Z] >>> [apiv2][query] GET https://cloudfunctions.googleapis.com/v1/operations/cHJvamVjdHMvcmFhaGVkZWVuLWluLXByb2QvbG9jYXRpb25zL2FzaWEtc291dGgxL29wZXJhdGlvbnMvb3BlcmF0aW9uLTE3Njg4OTM0NTIyMDAtNjQ4Y2M5OWRkMmI3Yi05ZmVlNGU2Yy1iYmU1MGNmYw [none]
[debug] [2026-01-20T07:17:36.150Z] <<< [apiv2][status] GET https://cloudfunctions.googleapis.com/v1/operations/cHJvamVjdHMvcmFhaGVkZWVuLWluLXByb2QvbG9jYXRpb25zL2FzaWEtc291dGgxL29wZXJhdGlvbnMvb3BlcmF0aW9uLTE3Njg4OTM0NTE3ODQtNjQ4Y2M5OWQ2Y2ZhMC0zNGExZWY3NS02ODZhYWZjNg 200
[debug] [2026-01-20T07:17:36.150Z] <<< [apiv2][body] GET https://cloudfunctions.googleapis.com/v1/operations/cHJvamVjdHMvcmFhaGVkZWVuLWluLXByb2QvbG9jYXRpb25zL2FzaWEtc291dGgxL29wZXJhdGlvbnMvb3BlcmF0aW9uLTE3Njg4OTM0NTE3ODQtNjQ4Y2M5OWQ2Y2ZhMC0zNGExZWY3NS02ODZhYWZjNg {"name":"operations/cHJvamVjdHMvcmFhaGVkZWVuLWluLXByb2QvbG9jYXRpb25zL2FzaWEtc291dGgxL29wZXJhdGlvbnMvb3BlcmF0aW9uLTE3Njg4OTM0NTE3ODQtNjQ4Y2M5OWQ2Y2ZhMC0zNGExZWY3NS02ODZhYWZjNg","metadata":{"@type":"type.googleapis.com/google.cloud.functions.v1.OperationMetadataV1","target":"projects/raahedeen-in-prod/locations/asia-south1/functions/sendBroadcast","type":"CREATE_FUNCTION","request":{"@type":"type.googleapis.com/google.cloud.functions.v1.CloudFunction","name":"projects/raahedeen-in-prod/locations/asia-south1/functions/sendBroadcast","httpsTrigger":{"securityLevel":"SECURE_ALWAYS"},"entryPoint":"sendBroadcast","updateTime":"1970-01-01T00:00:00Z","labels":{"deployment-tool":"cli-firebase","deployment-callable":"true","firebase-functions-hash":"83eef2ab9d37363b4ef3845a455e14a8e118ac1e"},"sourceUploadUrl":"https://storage.googleapis.com/uploads-1078618715272.asia-south1.cloudfunctions.appspot.com/639d2add-6cd1-4677-8693-61e32dc3679b.zip?GoogleAccessId=service-856086369170@gcf-admin-robot.iam.gserviceaccount.com&Expires=1768895148&Signature=V8Nbxa4Icg7NextjUdJUuazR4uuxb7e9O2B4yGbHm0V8rdINxFABxdqerHCJ06BP5TaalJ1YJCwELhGwaz%2FNdYtf3QprZZEIxT7NPgmsjqyTqcGmDD8RyV4Cfd4pDW4BUW8HzgRrbbi26uisRPJoiAlW%2FME%2BEuif5P1SLGRQG0ad9hlBmKCZFpuiCk1WwhBhyl911THcFVqVatvemH3%2BX7sweMydJUzhX1nPo9nGZ9mARHsh33UJAoBddSugh8XVSrn6tZbALyQXXNUyFQMN9nowYEadJuJUqsM%2FdOaB0ZsxntPPS6x4y24Gdy86gfwmKcjvoiHFobejksACPgR83w%3D%3D","environmentVariables":{"FIREBASE_CONFIG":"{\"projectId\":\"raahedeen-in-prod\",\"storageBucket\":\"raahedeen-in-prod.firebasestorage.app\"}","GCLOUD_PROJECT":"raahedeen-in-prod","EVENTARC_CLOUD_EVENT_SOURCE":"projects/raahedeen-in-prod/locations/asia-south1/functions/sendBroadcast"},"runtime":"nodejs20","buildEnvironmentVariables":{"GOOGLE_NODE_RUN_SCRIPTS":""},"sourceToken":"530f5358-f841-4b42-9f9f-3c5bc234e414","dockerRegistry":"ARTIFACT_REGISTRY"},"versionId":"1","updateTime":"2026-01-20T07:17:32.243055532Z","sourceToken":"530f5358-f841-4b42-9f9f-3c5bc234e414"}}
[debug] [2026-01-20T07:17:36.150Z] Got source token 530f5358-f841-4b42-9f9f-3c5bc234e414 for region asia-south1
[debug] [2026-01-20T07:17:36.162Z] <<< [apiv2][status] GET https://cloudfunctions.googleapis.com/v1/operations/cHJvamVjdHMvcmFhaGVkZWVuLWluLXByb2QvbG9jYXRpb25zL2FzaWEtc291dGgxL29wZXJhdGlvbnMvb3BlcmF0aW9uLTE3Njg4OTM0NTIwNDktNjQ4Y2M5OWRhZGNjOC02YjQ2MWNhYy0xODY0N2U1MQ 200
[debug] [2026-01-20T07:17:36.162Z] <<< [apiv2][body] GET https://cloudfunctions.googleapis.com/v1/operations/cHJvamVjdHMvcmFhaGVkZWVuLWluLXByb2QvbG9jYXRpb25zL2FzaWEtc291dGgxL29wZXJhdGlvbnMvb3BlcmF0aW9uLTE3Njg4OTM0NTIwNDktNjQ4Y2M5OWRhZGNjOC02YjQ2MWNhYy0xODY0N2U1MQ {"name":"operations/cHJvamVjdHMvcmFhaGVkZWVuLWluLXByb2QvbG9jYXRpb25zL2FzaWEtc291dGgxL29wZXJhdGlvbnMvb3BlcmF0aW9uLTE3Njg4OTM0NTIwNDktNjQ4Y2M5OWRhZGNjOC02YjQ2MWNhYy0xODY0N2U1MQ","metadata":{"@type":"type.googleapis.com/google.cloud.functions.v1.OperationMetadataV1","target":"projects/raahedeen-in-prod/locations/asia-south1/functions/setAdminRole","type":"CREATE_FUNCTION","request":{"@type":"type.googleapis.com/google.cloud.functions.v1.CloudFunction","name":"projects/raahedeen-in-prod/locations/asia-south1/functions/setAdminRole","httpsTrigger":{"securityLevel":"SECURE_ALWAYS"},"entryPoint":"setAdminRole","updateTime":"1970-01-01T00:00:00Z","labels":{"deployment-tool":"cli-firebase","deployment-callable":"true","firebase-functions-hash":"83eef2ab9d37363b4ef3845a455e14a8e118ac1e"},"sourceUploadUrl":"https://storage.googleapis.com/uploads-1078618715272.asia-south1.cloudfunctions.appspot.com/639d2add-6cd1-4677-8693-61e32dc3679b.zip?GoogleAccessId=service-856086369170@gcf-admin-robot.iam.gserviceaccount.com&Expires=1768895148&Signature=V8Nbxa4Icg7NextjUdJUuazR4uuxb7e9O2B4yGbHm0V8rdINxFABxdqerHCJ06BP5TaalJ1YJCwELhGwaz%2FNdYtf3QprZZEIxT7NPgmsjqyTqcGmDD8RyV4Cfd4pDW4BUW8HzgRrbbi26uisRPJoiAlW%2FME%2BEuif5P1SLGRQG0ad9hlBmKCZFpuiCk1WwhBhyl911THcFVqVatvemH3%2BX7sweMydJUzhX1nPo9nGZ9mARHsh33UJAoBddSugh8XVSrn6tZbALyQXXNUyFQMN9nowYEadJuJUqsM%2FdOaB0ZsxntPPS6x4y24Gdy86gfwmKcjvoiHFobejksACPgR83w%3D%3D","environmentVariables":{"FIREBASE_CONFIG":"{\"projectId\":\"raahedeen-in-prod\",\"storageBucket\":\"raahedeen-in-prod.firebasestorage.app\"}","GCLOUD_PROJECT":"raahedeen-in-prod","EVENTARC_CLOUD_EVENT_SOURCE":"projects/raahedeen-in-prod/locations/asia-south1/functions/setAdminRole"},"runtime":"nodejs20","buildEnvironmentVariables":{"GOOGLE_NODE_RUN_SCRIPTS":""},"sourceToken":"530f5358-f841-4b42-9f9f-3c5bc234e414","dockerRegistry":"ARTIFACT_REGISTRY"},"versionId":"1","updateTime":"2026-01-20T07:17:32.517749278Z","sourceToken":"530f5358-f841-4b42-9f9f-3c5bc234e414"}}
[debug] [2026-01-20T07:17:36.162Z] Got source token 530f5358-f841-4b42-9f9f-3c5bc234e414 for region asia-south1
[debug] [2026-01-20T07:17:36.216Z] <<< [apiv2][status] GET https://cloudfunctions.googleapis.com/v1/operations/cHJvamVjdHMvcmFhaGVkZWVuLWluLXByb2QvbG9jYXRpb25zL2FzaWEtc291dGgxL29wZXJhdGlvbnMvb3BlcmF0aW9uLTE3Njg4OTM0NTIwNTgtNjQ4Y2M5OWRhZmVmZC0wYzdjMmEwMi1hYTJjZjgxNw 200
[debug] [2026-01-20T07:17:36.216Z] <<< [apiv2][body] GET https://cloudfunctions.googleapis.com/v1/operations/cHJvamVjdHMvcmFhaGVkZWVuLWluLXByb2QvbG9jYXRpb25zL2FzaWEtc291dGgxL29wZXJhdGlvbnMvb3BlcmF0aW9uLTE3Njg4OTM0NTIwNTgtNjQ4Y2M5OWRhZmVmZC0wYzdjMmEwMi1hYTJjZjgxNw {"name":"operations/cHJvamVjdHMvcmFhaGVkZWVuLWluLXByb2QvbG9jYXRpb25zL2FzaWEtc291dGgxL29wZXJhdGlvbnMvb3BlcmF0aW9uLTE3Njg4OTM0NTIwNTgtNjQ4Y2M5OWRhZmVmZC0wYzdjMmEwMi1hYTJjZjgxNw","metadata":{"@type":"type.googleapis.com/google.cloud.functions.v1.OperationMetadataV1","target":"projects/raahedeen-in-prod/locations/asia-south1/functions/makeAdmin","type":"CREATE_FUNCTION","request":{"@type":"type.googleapis.com/google.cloud.functions.v1.CloudFunction","name":"projects/raahedeen-in-prod/locations/asia-south1/functions/makeAdmin","httpsTrigger":{"securityLevel":"SECURE_ALWAYS"},"entryPoint":"makeAdmin","updateTime":"1970-01-01T00:00:00Z","labels":{"deployment-tool":"cli-firebase","deployment-callable":"true","firebase-functions-hash":"83eef2ab9d37363b4ef3845a455e14a8e118ac1e"},"sourceUploadUrl":"https://storage.googleapis.com/uploads-1078618715272.asia-south1.cloudfunctions.appspot.com/639d2add-6cd1-4677-8693-61e32dc3679b.zip?GoogleAccessId=service-856086369170@gcf-admin-robot.iam.gserviceaccount.com&Expires=1768895148&Signature=V8Nbxa4Icg7NextjUdJUuazR4uuxb7e9O2B4yGbHm0V8rdINxFABxdqerHCJ06BP5TaalJ1YJCwELhGwaz%2FNdYtf3QprZZEIxT7NPgmsjqyTqcGmDD8RyV4Cfd4pDW4BUW8HzgRrbbi26uisRPJoiAlW%2FME%2BEuif5P1SLGRQG0ad9hlBmKCZFpuiCk1WwhBhyl911THcFVqVatvemH3%2BX7sweMydJUzhX1nPo9nGZ9mARHsh33UJAoBddSugh8XVSrn6tZbALyQXXNUyFQMN9nowYEadJuJUqsM%2FdOaB0ZsxntPPS6x4y24Gdy86gfwmKcjvoiHFobejksACPgR83w%3D%3D","environmentVariables":{"FIREBASE_CONFIG":"{\"projectId\":\"raahedeen-in-prod\",\"storageBucket\":\"raahedeen-in-prod.firebasestorage.app\"}","GCLOUD_PROJECT":"raahedeen-in-prod","EVENTARC_CLOUD_EVENT_SOURCE":"projects/raahedeen-in-prod/locations/asia-south1/functions/makeAdmin"},"runtime":"nodejs20","buildEnvironmentVariables":{"GOOGLE_NODE_RUN_SCRIPTS":""},"sourceToken":"530f5358-f841-4b42-9f9f-3c5bc234e414","dockerRegistry":"ARTIFACT_REGISTRY"},"versionId":"1","updateTime":"2026-01-20T07:17:32.518991495Z","sourceToken":"530f5358-f841-4b42-9f9f-3c5bc234e414"}}
[debug] [2026-01-20T07:17:36.216Z] Got source token 530f5358-f841-4b42-9f9f-3c5bc234e414 for region asia-south1
[debug] [2026-01-20T07:17:36.327Z] <<< [apiv2][status] GET https://cloudfunctions.googleapis.com/v1/operations/cHJvamVjdHMvcmFhaGVkZWVuLWluLXByb2QvbG9jYXRpb25zL2FzaWEtc291dGgxL29wZXJhdGlvbnMvb3BlcmF0aW9uLTE3Njg4OTM0NTIyMDAtNjQ4Y2M5OWRkMmI3Yi05ZmVlNGU2Yy1iYmU1MGNmYw 200
[debug] [2026-01-20T07:17:36.327Z] <<< [apiv2][body] GET https://cloudfunctions.googleapis.com/v1/operations/cHJvamVjdHMvcmFhaGVkZWVuLWluLXByb2QvbG9jYXRpb25zL2FzaWEtc291dGgxL29wZXJhdGlvbnMvb3BlcmF0aW9uLTE3Njg4OTM0NTIyMDAtNjQ4Y2M5OWRkMmI3Yi05ZmVlNGU2Yy1iYmU1MGNmYw {"name":"operations/cHJvamVjdHMvcmFhaGVkZWVuLWluLXByb2QvbG9jYXRpb25zL2FzaWEtc291dGgxL29wZXJhdGlvbnMvb3BlcmF0aW9uLTE3Njg4OTM0NTIyMDAtNjQ4Y2M5OWRkMmI3Yi05ZmVlNGU2Yy1iYmU1MGNmYw","metadata":{"@type":"type.googleapis.com/google.cloud.functions.v1.OperationMetadataV1","target":"projects/raahedeen-in-prod/locations/asia-south1/functions/listUsers","type":"CREATE_FUNCTION","request":{"@type":"type.googleapis.com/google.cloud.functions.v1.CloudFunction","name":"projects/raahedeen-in-prod/locations/asia-south1/functions/listUsers","httpsTrigger":{"securityLevel":"SECURE_ALWAYS"},"entryPoint":"listUsers","updateTime":"1970-01-01T00:00:00Z","labels":{"deployment-tool":"cli-firebase","deployment-callable":"true","firebase-functions-hash":"83eef2ab9d37363b4ef3845a455e14a8e118ac1e"},"sourceUploadUrl":"https://storage.googleapis.com/uploads-1078618715272.asia-south1.cloudfunctions.appspot.com/639d2add-6cd1-4677-8693-61e32dc3679b.zip?GoogleAccessId=service-856086369170@gcf-admin-robot.iam.gserviceaccount.com&Expires=1768895148&Signature=V8Nbxa4Icg7NextjUdJUuazR4uuxb7e9O2B4yGbHm0V8rdINxFABxdqerHCJ06BP5TaalJ1YJCwELhGwaz%2FNdYtf3QprZZEIxT7NPgmsjqyTqcGmDD8RyV4Cfd4pDW4BUW8HzgRrbbi26uisRPJoiAlW%2FME%2BEuif5P1SLGRQG0ad9hlBmKCZFpuiCk1WwhBhyl911THcFVqVatvemH3%2BX7sweMydJUzhX1nPo9nGZ9mARHsh33UJAoBddSugh8XVSrn6tZbALyQXXNUyFQMN9nowYEadJuJUqsM%2FdOaB0ZsxntPPS6x4y24Gdy86gfwmKcjvoiHFobejksACPgR83w%3D%3D","environmentVariables":{"FIREBASE_CONFIG":"{\"projectId\":\"raahedeen-in-prod\",\"storageBucket\":\"raahedeen-in-prod.firebasestorage.app\"}","GCLOUD_PROJECT":"raahedeen-in-prod","EVENTARC_CLOUD_EVENT_SOURCE":"projects/raahedeen-in-prod/locations/asia-south1/functions/listUsers"},"runtime":"nodejs20","buildEnvironmentVariables":{"GOOGLE_NODE_RUN_SCRIPTS":""},"sourceToken":"530f5358-f841-4b42-9f9f-3c5bc234e414","dockerRegistry":"ARTIFACT_REGISTRY"},"versionId":"1","updateTime":"2026-01-20T07:17:32.678122168Z","sourceToken":"530f5358-f841-4b42-9f9f-3c5bc234e414"}}
[debug] [2026-01-20T07:17:36.327Z] Got source token 530f5358-f841-4b42-9f9f-3c5bc234e414 for region asia-south1
[debug] [2026-01-20T07:17:38.017Z] [create-default-asia-south1-onAuthCreate] Retrying task index 0
[debug] [2026-01-20T07:17:38.017Z] Checked if tokens are valid: true, expires at: 1768896130301
[debug] [2026-01-20T07:17:38.017Z] Checked if tokens are valid: true, expires at: 1768896130301
[debug] [2026-01-20T07:17:38.017Z] >>> [apiv2][query] GET https://cloudfunctions.googleapis.com/v1/operations/cHJvamVjdHMvcmFhaGVkZWVuLWluLXByb2QvbG9jYXRpb25zL2FzaWEtc291dGgxL29wZXJhdGlvbnMvb3BlcmF0aW9uLTE3Njg4OTM0NTIwNTUtNjQ4Y2M5OWRhZjM0Mi00Mjc5YjZhNC03ZTM3MTFlMA [none]
[debug] [2026-01-20T07:17:38.078Z] [create-default-asia-south1-bootstrapSeed] Retrying task index 0
[debug] [2026-01-20T07:17:38.079Z] Checked if tokens are valid: true, expires at: 1768896130301
[debug] [2026-01-20T07:17:38.079Z] Checked if tokens are valid: true, expires at: 1768896130301
[debug] [2026-01-20T07:17:38.079Z] >>> [apiv2][query] GET https://cloudfunctions.googleapis.com/v1/operations/cHJvamVjdHMvcmFhaGVkZWVuLWluLXByb2QvbG9jYXRpb25zL2FzaWEtc291dGgxL29wZXJhdGlvbnMvb3BlcmF0aW9uLTE3Njg4OTM0NTIwNTgtNjQ4Y2M5OWRhZmRiZC03OTE5ZTMzNS0zOWI1ZmZiYQ [none]
[debug] [2026-01-20T07:17:38.156Z] [create-default-asia-south1-sendBroadcast] Retrying task index 0
[debug] [2026-01-20T07:17:38.156Z] Checked if tokens are valid: true, expires at: 1768896130301
[debug] [2026-01-20T07:17:38.156Z] Checked if tokens are valid: true, expires at: 1768896130301
[debug] [2026-01-20T07:17:38.156Z] >>> [apiv2][query] GET https://cloudfunctions.googleapis.com/v1/operations/cHJvamVjdHMvcmFhaGVkZWVuLWluLXByb2QvbG9jYXRpb25zL2FzaWEtc291dGgxL29wZXJhdGlvbnMvb3BlcmF0aW9uLTE3Njg4OTM0NTE3ODQtNjQ4Y2M5OWQ2Y2ZhMC0zNGExZWY3NS02ODZhYWZjNg [none]
[debug] [2026-01-20T07:17:38.170Z] [create-default-asia-south1-setAdminRole] Retrying task index 0
[debug] [2026-01-20T07:17:38.171Z] Checked if tokens are valid: true, expires at: 1768896130301
[debug] [2026-01-20T07:17:38.171Z] Checked if tokens are valid: true, expires at: 1768896130301
[debug] [2026-01-20T07:17:38.171Z] >>> [apiv2][query] GET https://cloudfunctions.googleapis.com/v1/operations/cHJvamVjdHMvcmFhaGVkZWVuLWluLXByb2QvbG9jYXRpb25zL2FzaWEtc291dGgxL29wZXJhdGlvbnMvb3BlcmF0aW9uLTE3Njg4OTM0NTIwNDktNjQ4Y2M5OWRhZGNjOC02YjQ2MWNhYy0xODY0N2U1MQ [none]
[debug] [2026-01-20T07:17:38.201Z] <<< [apiv2][status] GET https://cloudfunctions.googleapis.com/v1/operations/cHJvamVjdHMvcmFhaGVkZWVuLWluLXByb2QvbG9jYXRpb25zL2FzaWEtc291dGgxL29wZXJhdGlvbnMvb3BlcmF0aW9uLTE3Njg4OTM0NTIwNTUtNjQ4Y2M5OWRhZjM0Mi00Mjc5YjZhNC03ZTM3MTFlMA 200
[debug] [2026-01-20T07:17:38.201Z] <<< [apiv2][body] GET https://cloudfunctions.googleapis.com/v1/operations/cHJvamVjdHMvcmFhaGVkZWVuLWluLXByb2QvbG9jYXRpb25zL2FzaWEtc291dGgxL29wZXJhdGlvbnMvb3BlcmF0aW9uLTE3Njg4OTM0NTIwNTUtNjQ4Y2M5OWRhZjM0Mi00Mjc5YjZhNC03ZTM3MTFlMA {"name":"operations/cHJvamVjdHMvcmFhaGVkZWVuLWluLXByb2QvbG9jYXRpb25zL2FzaWEtc291dGgxL29wZXJhdGlvbnMvb3BlcmF0aW9uLTE3Njg4OTM0NTIwNTUtNjQ4Y2M5OWRhZjM0Mi00Mjc5YjZhNC03ZTM3MTFlMA","metadata":{"@type":"type.googleapis.com/google.cloud.functions.v1.OperationMetadataV1","target":"projects/raahedeen-in-prod/locations/asia-south1/functions/onAuthCreate","type":"CREATE_FUNCTION","request":{"@type":"type.googleapis.com/google.cloud.functions.v1.CloudFunction","name":"projects/raahedeen-in-prod/locations/asia-south1/functions/onAuthCreate","eventTrigger":{"eventType":"providers/firebase.auth/eventTypes/user.create","resource":"projects/raahedeen-in-prod","failurePolicy":{}},"entryPoint":"onAuthCreate","updateTime":"1970-01-01T00:00:00Z","labels":{"deployment-tool":"cli-firebase","firebase-functions-hash":"83eef2ab9d37363b4ef3845a455e14a8e118ac1e"},"sourceUploadUrl":"https://storage.googleapis.com/uploads-1078618715272.asia-south1.cloudfunctions.appspot.com/639d2add-6cd1-4677-8693-61e32dc3679b.zip?GoogleAccessId=service-856086369170@gcf-admin-robot.iam.gserviceaccount.com&Expires=1768895148&Signature=V8Nbxa4Icg7NextjUdJUuazR4uuxb7e9O2B4yGbHm0V8rdINxFABxdqerHCJ06BP5TaalJ1YJCwELhGwaz%2FNdYtf3QprZZEIxT7NPgmsjqyTqcGmDD8RyV4Cfd4pDW4BUW8HzgRrbbi26uisRPJoiAlW%2FME%2BEuif5P1SLGRQG0ad9hlBmKCZFpuiCk1WwhBhyl911THcFVqVatvemH3%2BX7sweMydJUzhX1nPo9nGZ9mARHsh33UJAoBddSugh8XVSrn6tZbALyQXXNUyFQMN9nowYEadJuJUqsM%2FdOaB0ZsxntPPS6x4y24Gdy86gfwmKcjvoiHFobejksACPgR83w%3D%3D","environmentVariables":{"FIREBASE_CONFIG":"{\"projectId\":\"raahedeen-in-prod\",\"storageBucket\":\"raahedeen-in-prod.firebasestorage.app\"}","GCLOUD_PROJECT":"raahedeen-in-prod","EVENTARC_CLOUD_EVENT_SOURCE":"projects/raahedeen-in-prod/locations/asia-south1/functions/onAuthCreate"},"runtime":"nodejs20","buildEnvironmentVariables":{"GOOGLE_NODE_RUN_SCRIPTS":""},"sourceToken":"530f5358-f841-4b42-9f9f-3c5bc234e414","dockerRegistry":"ARTIFACT_REGISTRY"},"versionId":"1","updateTime":"2026-01-20T07:17:32.488402058Z","buildId":"8e3e4b29-d788-4b20-99a9-6d1d1e7724bd","sourceToken":"530f5358-f841-4b42-9f9f-3c5bc234e414","buildName":"projects/856086369170/locations/asia-south1/builds/8e3e4b29-d788-4b20-99a9-6d1d1e7724bd"}}
[debug] [2026-01-20T07:17:38.201Z] Got source token 530f5358-f841-4b42-9f9f-3c5bc234e414 for region asia-south1
[debug] [2026-01-20T07:17:38.231Z] [create-default-asia-south1-makeAdmin] Retrying task index 0
[debug] [2026-01-20T07:17:38.231Z] Checked if tokens are valid: true, expires at: 1768896130301
[debug] [2026-01-20T07:17:38.231Z] Checked if tokens are valid: true, expires at: 1768896130301
[debug] [2026-01-20T07:17:38.231Z] >>> [apiv2][query] GET https://cloudfunctions.googleapis.com/v1/operations/cHJvamVjdHMvcmFhaGVkZWVuLWluLXByb2QvbG9jYXRpb25zL2FzaWEtc291dGgxL29wZXJhdGlvbnMvb3BlcmF0aW9uLTE3Njg4OTM0NTIwNTgtNjQ4Y2M5OWRhZmVmZC0wYzdjMmEwMi1hYTJjZjgxNw [none]
[debug] [2026-01-20T07:17:38.313Z] <<< [apiv2][status] GET https://cloudfunctions.googleapis.com/v1/operations/cHJvamVjdHMvcmFhaGVkZWVuLWluLXByb2QvbG9jYXRpb25zL2FzaWEtc291dGgxL29wZXJhdGlvbnMvb3BlcmF0aW9uLTE3Njg4OTM0NTIwNTgtNjQ4Y2M5OWRhZmRiZC03OTE5ZTMzNS0zOWI1ZmZiYQ 200
[debug] [2026-01-20T07:17:38.313Z] <<< [apiv2][body] GET https://cloudfunctions.googleapis.com/v1/operations/cHJvamVjdHMvcmFhaGVkZWVuLWluLXByb2QvbG9jYXRpb25zL2FzaWEtc291dGgxL29wZXJhdGlvbnMvb3BlcmF0aW9uLTE3Njg4OTM0NTIwNTgtNjQ4Y2M5OWRhZmRiZC03OTE5ZTMzNS0zOWI1ZmZiYQ {"name":"operations/cHJvamVjdHMvcmFhaGVkZWVuLWluLXByb2QvbG9jYXRpb25zL2FzaWEtc291dGgxL29wZXJhdGlvbnMvb3BlcmF0aW9uLTE3Njg4OTM0NTIwNTgtNjQ4Y2M5OWRhZmRiZC03OTE5ZTMzNS0zOWI1ZmZiYQ","metadata":{"@type":"type.googleapis.com/google.cloud.functions.v1.OperationMetadataV1","target":"projects/raahedeen-in-prod/locations/asia-south1/functions/bootstrapSeed","type":"CREATE_FUNCTION","request":{"@type":"type.googleapis.com/google.cloud.functions.v1.CloudFunction","name":"projects/raahedeen-in-prod/locations/asia-south1/functions/bootstrapSeed","httpsTrigger":{"securityLevel":"SECURE_ALWAYS"},"entryPoint":"bootstrapSeed","updateTime":"1970-01-01T00:00:00Z","labels":{"deployment-tool":"cli-firebase","deployment-callable":"true","firebase-functions-hash":"83eef2ab9d37363b4ef3845a455e14a8e118ac1e"},"sourceUploadUrl":"https://storage.googleapis.com/uploads-1078618715272.asia-south1.cloudfunctions.appspot.com/639d2add-6cd1-4677-8693-61e32dc3679b.zip?GoogleAccessId=service-856086369170@gcf-admin-robot.iam.gserviceaccount.com&Expires=1768895148&Signature=V8Nbxa4Icg7NextjUdJUuazR4uuxb7e9O2B4yGbHm0V8rdINxFABxdqerHCJ06BP5TaalJ1YJCwELhGwaz%2FNdYtf3QprZZEIxT7NPgmsjqyTqcGmDD8RyV4Cfd4pDW4BUW8HzgRrbbi26uisRPJoiAlW%2FME%2BEuif5P1SLGRQG0ad9hlBmKCZFpuiCk1WwhBhyl911THcFVqVatvemH3%2BX7sweMydJUzhX1nPo9nGZ9mARHsh33UJAoBddSugh8XVSrn6tZbALyQXXNUyFQMN9nowYEadJuJUqsM%2FdOaB0ZsxntPPS6x4y24Gdy86gfwmKcjvoiHFobejksACPgR83w%3D%3D","environmentVariables":{"FIREBASE_CONFIG":"{\"projectId\":\"raahedeen-in-prod\",\"storageBucket\":\"raahedeen-in-prod.firebasestorage.app\"}","GCLOUD_PROJECT":"raahedeen-in-prod","EVENTARC_CLOUD_EVENT_SOURCE":"projects/raahedeen-in-prod/locations/asia-south1/functions/bootstrapSeed"},"runtime":"nodejs20","buildEnvironmentVariables":{"GOOGLE_NODE_RUN_SCRIPTS":""},"sourceToken":"530f5358-f841-4b42-9f9f-3c5bc234e414","dockerRegistry":"ARTIFACT_REGISTRY"},"versionId":"1","updateTime":"2026-01-20T07:17:32.519066745Z","buildId":"8e3e4b29-d788-4b20-99a9-6d1d1e7724bd","sourceToken":"530f5358-f841-4b42-9f9f-3c5bc234e414","buildName":"projects/856086369170/locations/asia-south1/builds/8e3e4b29-d788-4b20-99a9-6d1d1e7724bd"}}
[debug] [2026-01-20T07:17:38.313Z] Got source token 530f5358-f841-4b42-9f9f-3c5bc234e414 for region asia-south1
[debug] [2026-01-20T07:17:38.335Z] [create-default-asia-south1-listUsers] Retrying task index 0
[debug] [2026-01-20T07:17:38.336Z] Checked if tokens are valid: true, expires at: 1768896130301
[debug] [2026-01-20T07:17:38.336Z] Checked if tokens are valid: true, expires at: 1768896130301
[debug] [2026-01-20T07:17:38.336Z] >>> [apiv2][query] GET https://cloudfunctions.googleapis.com/v1/operations/cHJvamVjdHMvcmFhaGVkZWVuLWluLXByb2QvbG9jYXRpb25zL2FzaWEtc291dGgxL29wZXJhdGlvbnMvb3BlcmF0aW9uLTE3Njg4OTM0NTIyMDAtNjQ4Y2M5OWRkMmI3Yi05ZmVlNGU2Yy1iYmU1MGNmYw [none]
[debug] [2026-01-20T07:17:38.337Z] <<< [apiv2][status] GET https://cloudfunctions.googleapis.com/v1/operations/cHJvamVjdHMvcmFhaGVkZWVuLWluLXByb2QvbG9jYXRpb25zL2FzaWEtc291dGgxL29wZXJhdGlvbnMvb3BlcmF0aW9uLTE3Njg4OTM0NTE3ODQtNjQ4Y2M5OWQ2Y2ZhMC0zNGExZWY3NS02ODZhYWZjNg 200
[debug] [2026-01-20T07:17:38.337Z] <<< [apiv2][body] GET https://cloudfunctions.googleapis.com/v1/operations/cHJvamVjdHMvcmFhaGVkZWVuLWluLXByb2QvbG9jYXRpb25zL2FzaWEtc291dGgxL29wZXJhdGlvbnMvb3BlcmF0aW9uLTE3Njg4OTM0NTE3ODQtNjQ4Y2M5OWQ2Y2ZhMC0zNGExZWY3NS02ODZhYWZjNg {"name":"operations/cHJvamVjdHMvcmFhaGVkZWVuLWluLXByb2QvbG9jYXRpb25zL2FzaWEtc291dGgxL29wZXJhdGlvbnMvb3BlcmF0aW9uLTE3Njg4OTM0NTE3ODQtNjQ4Y2M5OWQ2Y2ZhMC0zNGExZWY3NS02ODZhYWZjNg","metadata":{"@type":"type.googleapis.com/google.cloud.functions.v1.OperationMetadataV1","target":"projects/raahedeen-in-prod/locations/asia-south1/functions/sendBroadcast","type":"CREATE_FUNCTION","request":{"@type":"type.googleapis.com/google.cloud.functions.v1.CloudFunction","name":"projects/raahedeen-in-prod/locations/asia-south1/functions/sendBroadcast","httpsTrigger":{"securityLevel":"SECURE_ALWAYS"},"entryPoint":"sendBroadcast","updateTime":"1970-01-01T00:00:00Z","labels":{"deployment-tool":"cli-firebase","deployment-callable":"true","firebase-functions-hash":"83eef2ab9d37363b4ef3845a455e14a8e118ac1e"},"sourceUploadUrl":"https://storage.googleapis.com/uploads-1078618715272.asia-south1.cloudfunctions.appspot.com/639d2add-6cd1-4677-8693-61e32dc3679b.zip?GoogleAccessId=service-856086369170@gcf-admin-robot.iam.gserviceaccount.com&Expires=1768895148&Signature=V8Nbxa4Icg7NextjUdJUuazR4uuxb7e9O2B4yGbHm0V8rdINxFABxdqerHCJ06BP5TaalJ1YJCwELhGwaz%2FNdYtf3QprZZEIxT7NPgmsjqyTqcGmDD8RyV4Cfd4pDW4BUW8HzgRrbbi26uisRPJoiAlW%2FME%2BEuif5P1SLGRQG0ad9hlBmKCZFpuiCk1WwhBhyl911THcFVqVatvemH3%2BX7sweMydJUzhX1nPo9nGZ9mARHsh33UJAoBddSugh8XVSrn6tZbALyQXXNUyFQMN9nowYEadJuJUqsM%2FdOaB0ZsxntPPS6x4y24Gdy86gfwmKcjvoiHFobejksACPgR83w%3D%3D","environmentVariables":{"FIREBASE_CONFIG":"{\"projectId\":\"raahedeen-in-prod\",\"storageBucket\":\"raahedeen-in-prod.firebasestorage.app\"}","GCLOUD_PROJECT":"raahedeen-in-prod","EVENTARC_CLOUD_EVENT_SOURCE":"projects/raahedeen-in-prod/locations/asia-south1/functions/sendBroadcast"},"runtime":"nodejs20","buildEnvironmentVariables":{"GOOGLE_NODE_RUN_SCRIPTS":""},"sourceToken":"530f5358-f841-4b42-9f9f-3c5bc234e414","dockerRegistry":"ARTIFACT_REGISTRY"},"versionId":"1","updateTime":"2026-01-20T07:17:32.243055532Z","buildId":"8e3e4b29-d788-4b20-99a9-6d1d1e7724bd","sourceToken":"530f5358-f841-4b42-9f9f-3c5bc234e414","buildName":"projects/856086369170/locations/asia-south1/builds/8e3e4b29-d788-4b20-99a9-6d1d1e7724bd"}}
[debug] [2026-01-20T07:17:38.337Z] Got source token 530f5358-f841-4b42-9f9f-3c5bc234e414 for region asia-south1
[debug] [2026-01-20T07:17:38.347Z] <<< [apiv2][status] GET https://cloudfunctions.googleapis.com/v1/operations/cHJvamVjdHMvcmFhaGVkZWVuLWluLXByb2QvbG9jYXRpb25zL2FzaWEtc291dGgxL29wZXJhdGlvbnMvb3BlcmF0aW9uLTE3Njg4OTM0NTIwNDktNjQ4Y2M5OWRhZGNjOC02YjQ2MWNhYy0xODY0N2U1MQ 200
[debug] [2026-01-20T07:17:38.347Z] <<< [apiv2][body] GET https://cloudfunctions.googleapis.com/v1/operations/cHJvamVjdHMvcmFhaGVkZWVuLWluLXByb2QvbG9jYXRpb25zL2FzaWEtc291dGgxL29wZXJhdGlvbnMvb3BlcmF0aW9uLTE3Njg4OTM0NTIwNDktNjQ4Y2M5OWRhZGNjOC02YjQ2MWNhYy0xODY0N2U1MQ {"name":"operations/cHJvamVjdHMvcmFhaGVkZWVuLWluLXByb2QvbG9jYXRpb25zL2FzaWEtc291dGgxL29wZXJhdGlvbnMvb3BlcmF0aW9uLTE3Njg4OTM0NTIwNDktNjQ4Y2M5OWRhZGNjOC02YjQ2MWNhYy0xODY0N2U1MQ","metadata":{"@type":"type.googleapis.com/google.cloud.functions.v1.OperationMetadataV1","target":"projects/raahedeen-in-prod/locations/asia-south1/functions/setAdminRole","type":"CREATE_FUNCTION","request":{"@type":"type.googleapis.com/google.cloud.functions.v1.CloudFunction","name":"projects/raahedeen-in-prod/locations/asia-south1/functions/setAdminRole","httpsTrigger":{"securityLevel":"SECURE_ALWAYS"},"entryPoint":"setAdminRole","updateTime":"1970-01-01T00:00:00Z","labels":{"deployment-tool":"cli-firebase","deployment-callable":"true","firebase-functions-hash":"83eef2ab9d37363b4ef3845a455e14a8e118ac1e"},"sourceUploadUrl":"https://storage.googleapis.com/uploads-1078618715272.asia-south1.cloudfunctions.appspot.com/639d2add-6cd1-4677-8693-61e32dc3679b.zip?GoogleAccessId=service-856086369170@gcf-admin-robot.iam.gserviceaccount.com&Expires=1768895148&Signature=V8Nbxa4Icg7NextjUdJUuazR4uuxb7e9O2B4yGbHm0V8rdINxFABxdqerHCJ06BP5TaalJ1YJCwELhGwaz%2FNdYtf3QprZZEIxT7NPgmsjqyTqcGmDD8RyV4Cfd4pDW4BUW8HzgRrbbi26uisRPJoiAlW%2FME%2BEuif5P1SLGRQG0ad9hlBmKCZFpuiCk1WwhBhyl911THcFVqVatvemH3%2BX7sweMydJUzhX1nPo9nGZ9mARHsh33UJAoBddSugh8XVSrn6tZbALyQXXNUyFQMN9nowYEadJuJUqsM%2FdOaB0ZsxntPPS6x4y24Gdy86gfwmKcjvoiHFobejksACPgR83w%3D%3D","environmentVariables":{"FIREBASE_CONFIG":"{\"projectId\":\"raahedeen-in-prod\",\"storageBucket\":\"raahedeen-in-prod.firebasestorage.app\"}","GCLOUD_PROJECT":"raahedeen-in-prod","EVENTARC_CLOUD_EVENT_SOURCE":"projects/raahedeen-in-prod/locations/asia-south1/functions/setAdminRole"},"runtime":"nodejs20","buildEnvironmentVariables":{"GOOGLE_NODE_RUN_SCRIPTS":""},"sourceToken":"530f5358-f841-4b42-9f9f-3c5bc234e414","dockerRegistry":"ARTIFACT_REGISTRY"},"versionId":"1","updateTime":"2026-01-20T07:17:32.517749278Z","buildId":"8e3e4b29-d788-4b20-99a9-6d1d1e7724bd","sourceToken":"530f5358-f841-4b42-9f9f-3c5bc234e414","buildName":"projects/856086369170/locations/asia-south1/builds/8e3e4b29-d788-4b20-99a9-6d1d1e7724bd"}}
[debug] [2026-01-20T07:17:38.347Z] Got source token 530f5358-f841-4b42-9f9f-3c5bc234e414 for region asia-south1
[debug] [2026-01-20T07:17:38.402Z] <<< [apiv2][status] GET https://cloudfunctions.googleapis.com/v1/operations/cHJvamVjdHMvcmFhaGVkZWVuLWluLXByb2QvbG9jYXRpb25zL2FzaWEtc291dGgxL29wZXJhdGlvbnMvb3BlcmF0aW9uLTE3Njg4OTM0NTIwNTgtNjQ4Y2M5OWRhZmVmZC0wYzdjMmEwMi1hYTJjZjgxNw 200
[debug] [2026-01-20T07:17:38.402Z] <<< [apiv2][body] GET https://cloudfunctions.googleapis.com/v1/operations/cHJvamVjdHMvcmFhaGVkZWVuLWluLXByb2QvbG9jYXRpb25zL2FzaWEtc291dGgxL29wZXJhdGlvbnMvb3BlcmF0aW9uLTE3Njg4OTM0NTIwNTgtNjQ4Y2M5OWRhZmVmZC0wYzdjMmEwMi1hYTJjZjgxNw {"name":"operations/cHJvamVjdHMvcmFhaGVkZWVuLWluLXByb2QvbG9jYXRpb25zL2FzaWEtc291dGgxL29wZXJhdGlvbnMvb3BlcmF0aW9uLTE3Njg4OTM0NTIwNTgtNjQ4Y2M5OWRhZmVmZC0wYzdjMmEwMi1hYTJjZjgxNw","metadata":{"@type":"type.googleapis.com/google.cloud.functions.v1.OperationMetadataV1","target":"projects/raahedeen-in-prod/locations/asia-south1/functions/makeAdmin","type":"CREATE_FUNCTION","request":{"@type":"type.googleapis.com/google.cloud.functions.v1.CloudFunction","name":"projects/raahedeen-in-prod/locations/asia-south1/functions/makeAdmin","httpsTrigger":{"securityLevel":"SECURE_ALWAYS"},"entryPoint":"makeAdmin","updateTime":"1970-01-01T00:00:00Z","labels":{"deployment-tool":"cli-firebase","deployment-callable":"true","firebase-functions-hash":"83eef2ab9d37363b4ef3845a455e14a8e118ac1e"},"sourceUploadUrl":"https://storage.googleapis.com/uploads-1078618715272.asia-south1.cloudfunctions.appspot.com/639d2add-6cd1-4677-8693-61e32dc3679b.zip?GoogleAccessId=service-856086369170@gcf-admin-robot.iam.gserviceaccount.com&Expires=1768895148&Signature=V8Nbxa4Icg7NextjUdJUuazR4uuxb7e9O2B4yGbHm0V8rdINxFABxdqerHCJ06BP5TaalJ1YJCwELhGwaz%2FNdYtf3QprZZEIxT7NPgmsjqyTqcGmDD8RyV4Cfd4pDW4BUW8HzgRrbbi26uisRPJoiAlW%2FME%2BEuif5P1SLGRQG0ad9hlBmKCZFpuiCk1WwhBhyl911THcFVqVatvemH3%2BX7sweMydJUzhX1nPo9nGZ9mARHsh33UJAoBddSugh8XVSrn6tZbALyQXXNUyFQMN9nowYEadJuJUqsM%2FdOaB0ZsxntPPS6x4y24Gdy86gfwmKcjvoiHFobejksACPgR83w%3D%3D","environmentVariables":{"FIREBASE_CONFIG":"{\"projectId\":\"raahedeen-in-prod\",\"storageBucket\":\"raahedeen-in-prod.firebasestorage.app\"}","GCLOUD_PROJECT":"raahedeen-in-prod","EVENTARC_CLOUD_EVENT_SOURCE":"projects/raahedeen-in-prod/locations/asia-south1/functions/makeAdmin"},"runtime":"nodejs20","buildEnvironmentVariables":{"GOOGLE_NODE_RUN_SCRIPTS":""},"sourceToken":"530f5358-f841-4b42-9f9f-3c5bc234e414","dockerRegistry":"ARTIFACT_REGISTRY"},"versionId":"1","updateTime":"2026-01-20T07:17:32.518991495Z","buildId":"8e3e4b29-d788-4b20-99a9-6d1d1e7724bd","sourceToken":"530f5358-f841-4b42-9f9f-3c5bc234e414","buildName":"projects/856086369170/locations/asia-south1/builds/8e3e4b29-d788-4b20-99a9-6d1d1e7724bd"}}
[debug] [2026-01-20T07:17:38.402Z] Got source token 530f5358-f841-4b42-9f9f-3c5bc234e414 for region asia-south1
[debug] [2026-01-20T07:17:38.587Z] <<< [apiv2][status] GET https://cloudfunctions.googleapis.com/v1/operations/cHJvamVjdHMvcmFhaGVkZWVuLWluLXByb2QvbG9jYXRpb25zL2FzaWEtc291dGgxL29wZXJhdGlvbnMvb3BlcmF0aW9uLTE3Njg4OTM0NTIyMDAtNjQ4Y2M5OWRkMmI3Yi05ZmVlNGU2Yy1iYmU1MGNmYw 200
[debug] [2026-01-20T07:17:38.587Z] <<< [apiv2][body] GET https://cloudfunctions.googleapis.com/v1/operations/cHJvamVjdHMvcmFhaGVkZWVuLWluLXByb2QvbG9jYXRpb25zL2FzaWEtc291dGgxL29wZXJhdGlvbnMvb3BlcmF0aW9uLTE3Njg4OTM0NTIyMDAtNjQ4Y2M5OWRkMmI3Yi05ZmVlNGU2Yy1iYmU1MGNmYw {"name":"operations/cHJvamVjdHMvcmFhaGVkZWVuLWluLXByb2QvbG9jYXRpb25zL2FzaWEtc291dGgxL29wZXJhdGlvbnMvb3BlcmF0aW9uLTE3Njg4OTM0NTIyMDAtNjQ4Y2M5OWRkMmI3Yi05ZmVlNGU2Yy1iYmU1MGNmYw","metadata":{"@type":"type.googleapis.com/google.cloud.functions.v1.OperationMetadataV1","target":"projects/raahedeen-in-prod/locations/asia-south1/functions/listUsers","type":"CREATE_FUNCTION","request":{"@type":"type.googleapis.com/google.cloud.functions.v1.CloudFunction","name":"projects/raahedeen-in-prod/locations/asia-south1/functions/listUsers","httpsTrigger":{"securityLevel":"SECURE_ALWAYS"},"entryPoint":"listUsers","updateTime":"1970-01-01T00:00:00Z","labels":{"deployment-tool":"cli-firebase","deployment-callable":"true","firebase-functions-hash":"83eef2ab9d37363b4ef3845a455e14a8e118ac1e"},"sourceUploadUrl":"https://storage.googleapis.com/uploads-1078618715272.asia-south1.cloudfunctions.appspot.com/639d2add-6cd1-4677-8693-61e32dc3679b.zip?GoogleAccessId=service-856086369170@gcf-admin-robot.iam.gserviceaccount.com&Expires=1768895148&Signature=V8Nbxa4Icg7NextjUdJUuazR4uuxb7e9O2B4yGbHm0V8rdINxFABxdqerHCJ06BP5TaalJ1YJCwELhGwaz%2FNdYtf3QprZZEIxT7NPgmsjqyTqcGmDD8RyV4Cfd4pDW4BUW8HzgRrbbi26uisRPJoiAlW%2FME%2BEuif5P1SLGRQG0ad9hlBmKCZFpuiCk1WwhBhyl911THcFVqVatvemH3%2BX7sweMydJUzhX1nPo9nGZ9mARHsh33UJAoBddSugh8XVSrn6tZbALyQXXNUyFQMN9nowYEadJuJUqsM%2FdOaB0ZsxntPPS6x4y24Gdy86gfwmKcjvoiHFobejksACPgR83w%3D%3D","environmentVariables":{"FIREBASE_CONFIG":"{\"projectId\":\"raahedeen-in-prod\",\"storageBucket\":\"raahedeen-in-prod.firebasestorage.app\"}","GCLOUD_PROJECT":"raahedeen-in-prod","EVENTARC_CLOUD_EVENT_SOURCE":"projects/raahedeen-in-prod/locations/asia-south1/functions/listUsers"},"runtime":"nodejs20","buildEnvironmentVariables":{"GOOGLE_NODE_RUN_SCRIPTS":""},"sourceToken":"530f5358-f841-4b42-9f9f-3c5bc234e414","dockerRegistry":"ARTIFACT_REGISTRY"},"versionId":"1","updateTime":"2026-01-20T07:17:32.678122168Z","buildId":"8e3e4b29-d788-4b20-99a9-6d1d1e7724bd","sourceToken":"530f5358-f841-4b42-9f9f-3c5bc234e414","buildName":"projects/856086369170/locations/asia-south1/builds/8e3e4b29-d788-4b20-99a9-6d1d1e7724bd"}}
[debug] [2026-01-20T07:17:38.587Z] Got source token 530f5358-f841-4b42-9f9f-3c5bc234e414 for region asia-south1
[debug] [2026-01-20T07:17:42.205Z] [create-default-asia-south1-onAuthCreate] Retrying task index 0
[debug] [2026-01-20T07:17:42.205Z] Checked if tokens are valid: true, expires at: 1768896130301
[debug] [2026-01-20T07:17:42.205Z] Checked if tokens are valid: true, expires at: 1768896130301
[debug] [2026-01-20T07:17:42.205Z] >>> [apiv2][query] GET https://cloudfunctions.googleapis.com/v1/operations/cHJvamVjdHMvcmFhaGVkZWVuLWluLXByb2QvbG9jYXRpb25zL2FzaWEtc291dGgxL29wZXJhdGlvbnMvb3BlcmF0aW9uLTE3Njg4OTM0NTIwNTUtNjQ4Y2M5OWRhZjM0Mi00Mjc5YjZhNC03ZTM3MTFlMA [none]
[debug] [2026-01-20T07:17:42.315Z] [create-default-asia-south1-bootstrapSeed] Retrying task index 0
[debug] [2026-01-20T07:17:42.315Z] Checked if tokens are valid: true, expires at: 1768896130301
[debug] [2026-01-20T07:17:42.315Z] Checked if tokens are valid: true, expires at: 1768896130301
[debug] [2026-01-20T07:17:42.315Z] >>> [apiv2][query] GET https://cloudfunctions.googleapis.com/v1/operations/cHJvamVjdHMvcmFhaGVkZWVuLWluLXByb2QvbG9jYXRpb25zL2FzaWEtc291dGgxL29wZXJhdGlvbnMvb3BlcmF0aW9uLTE3Njg4OTM0NTIwNTgtNjQ4Y2M5OWRhZmRiZC03OTE5ZTMzNS0zOWI1ZmZiYQ [none]
[debug] [2026-01-20T07:17:42.345Z] [create-default-asia-south1-sendBroadcast] Retrying task index 0
[debug] [2026-01-20T07:17:42.345Z] Checked if tokens are valid: true, expires at: 1768896130301
[debug] [2026-01-20T07:17:42.345Z] Checked if tokens are valid: true, expires at: 1768896130301
[debug] [2026-01-20T07:17:42.345Z] >>> [apiv2][query] GET https://cloudfunctions.googleapis.com/v1/operations/cHJvamVjdHMvcmFhaGVkZWVuLWluLXByb2QvbG9jYXRpb25zL2FzaWEtc291dGgxL29wZXJhdGlvbnMvb3BlcmF0aW9uLTE3Njg4OTM0NTE3ODQtNjQ4Y2M5OWQ2Y2ZhMC0zNGExZWY3NS02ODZhYWZjNg [none]
[debug] [2026-01-20T07:17:42.361Z] [create-default-asia-south1-setAdminRole] Retrying task index 0
[debug] [2026-01-20T07:17:42.361Z] Checked if tokens are valid: true, expires at: 1768896130301
[debug] [2026-01-20T07:17:42.361Z] Checked if tokens are valid: true, expires at: 1768896130301
[debug] [2026-01-20T07:17:42.361Z] >>> [apiv2][query] GET https://cloudfunctions.googleapis.com/v1/operations/cHJvamVjdHMvcmFhaGVkZWVuLWluLXByb2QvbG9jYXRpb25zL2FzaWEtc291dGgxL29wZXJhdGlvbnMvb3BlcmF0aW9uLTE3Njg4OTM0NTIwNDktNjQ4Y2M5OWRhZGNjOC02YjQ2MWNhYy0xODY0N2U1MQ [none]
[debug] [2026-01-20T07:17:42.385Z] <<< [apiv2][status] GET https://cloudfunctions.googleapis.com/v1/operations/cHJvamVjdHMvcmFhaGVkZWVuLWluLXByb2QvbG9jYXRpb25zL2FzaWEtc291dGgxL29wZXJhdGlvbnMvb3BlcmF0aW9uLTE3Njg4OTM0NTIwNTUtNjQ4Y2M5OWRhZjM0Mi00Mjc5YjZhNC03ZTM3MTFlMA 200
[debug] [2026-01-20T07:17:42.385Z] <<< [apiv2][body] GET https://cloudfunctions.googleapis.com/v1/operations/cHJvamVjdHMvcmFhaGVkZWVuLWluLXByb2QvbG9jYXRpb25zL2FzaWEtc291dGgxL29wZXJhdGlvbnMvb3BlcmF0aW9uLTE3Njg4OTM0NTIwNTUtNjQ4Y2M5OWRhZjM0Mi00Mjc5YjZhNC03ZTM3MTFlMA {"name":"operations/cHJvamVjdHMvcmFhaGVkZWVuLWluLXByb2QvbG9jYXRpb25zL2FzaWEtc291dGgxL29wZXJhdGlvbnMvb3BlcmF0aW9uLTE3Njg4OTM0NTIwNTUtNjQ4Y2M5OWRhZjM0Mi00Mjc5YjZhNC03ZTM3MTFlMA","metadata":{"@type":"type.googleapis.com/google.cloud.functions.v1.OperationMetadataV1","target":"projects/raahedeen-in-prod/locations/asia-south1/functions/onAuthCreate","type":"CREATE_FUNCTION","request":{"@type":"type.googleapis.com/google.cloud.functions.v1.CloudFunction","name":"projects/raahedeen-in-prod/locations/asia-south1/functions/onAuthCreate","eventTrigger":{"eventType":"providers/firebase.auth/eventTypes/user.create","resource":"projects/raahedeen-in-prod","failurePolicy":{}},"entryPoint":"onAuthCreate","updateTime":"1970-01-01T00:00:00Z","labels":{"deployment-tool":"cli-firebase","firebase-functions-hash":"83eef2ab9d37363b4ef3845a455e14a8e118ac1e"},"sourceUploadUrl":"https://storage.googleapis.com/uploads-1078618715272.asia-south1.cloudfunctions.appspot.com/639d2add-6cd1-4677-8693-61e32dc3679b.zip?GoogleAccessId=service-856086369170@gcf-admin-robot.iam.gserviceaccount.com&Expires=1768895148&Signature=V8Nbxa4Icg7NextjUdJUuazR4uuxb7e9O2B4yGbHm0V8rdINxFABxdqerHCJ06BP5TaalJ1YJCwELhGwaz%2FNdYtf3QprZZEIxT7NPgmsjqyTqcGmDD8RyV4Cfd4pDW4BUW8HzgRrbbi26uisRPJoiAlW%2FME%2BEuif5P1SLGRQG0ad9hlBmKCZFpuiCk1WwhBhyl911THcFVqVatvemH3%2BX7sweMydJUzhX1nPo9nGZ9mARHsh33UJAoBddSugh8XVSrn6tZbALyQXXNUyFQMN9nowYEadJuJUqsM%2FdOaB0ZsxntPPS6x4y24Gdy86gfwmKcjvoiHFobejksACPgR83w%3D%3D","environmentVariables":{"FIREBASE_CONFIG":"{\"projectId\":\"raahedeen-in-prod\",\"storageBucket\":\"raahedeen-in-prod.firebasestorage.app\"}","GCLOUD_PROJECT":"raahedeen-in-prod","EVENTARC_CLOUD_EVENT_SOURCE":"projects/raahedeen-in-prod/locations/asia-south1/functions/onAuthCreate"},"runtime":"nodejs20","buildEnvironmentVariables":{"GOOGLE_NODE_RUN_SCRIPTS":""},"sourceToken":"530f5358-f841-4b42-9f9f-3c5bc234e414","dockerRegistry":"ARTIFACT_REGISTRY"},"versionId":"1","updateTime":"2026-01-20T07:17:32.488402058Z","buildId":"8e3e4b29-d788-4b20-99a9-6d1d1e7724bd","sourceToken":"530f5358-f841-4b42-9f9f-3c5bc234e414","buildName":"projects/856086369170/locations/asia-south1/builds/8e3e4b29-d788-4b20-99a9-6d1d1e7724bd"}}
[debug] [2026-01-20T07:17:42.385Z] Got source token 530f5358-f841-4b42-9f9f-3c5bc234e414 for region asia-south1
[debug] [2026-01-20T07:17:42.406Z] [create-default-asia-south1-makeAdmin] Retrying task index 0
[debug] [2026-01-20T07:17:42.407Z] Checked if tokens are valid: true, expires at: 1768896130301
[debug] [2026-01-20T07:17:42.407Z] Checked if tokens are valid: true, expires at: 1768896130301
[debug] [2026-01-20T07:17:42.407Z] >>> [apiv2][query] GET https://cloudfunctions.googleapis.com/v1/operations/cHJvamVjdHMvcmFhaGVkZWVuLWluLXByb2QvbG9jYXRpb25zL2FzaWEtc291dGgxL29wZXJhdGlvbnMvb3BlcmF0aW9uLTE3Njg4OTM0NTIwNTgtNjQ4Y2M5OWRhZmVmZC0wYzdjMmEwMi1hYTJjZjgxNw [none]
[debug] [2026-01-20T07:17:42.517Z] <<< [apiv2][status] GET https://cloudfunctions.googleapis.com/v1/operations/cHJvamVjdHMvcmFhaGVkZWVuLWluLXByb2QvbG9jYXRpb25zL2FzaWEtc291dGgxL29wZXJhdGlvbnMvb3BlcmF0aW9uLTE3Njg4OTM0NTE3ODQtNjQ4Y2M5OWQ2Y2ZhMC0zNGExZWY3NS02ODZhYWZjNg 200
[debug] [2026-01-20T07:17:42.517Z] <<< [apiv2][body] GET https://cloudfunctions.googleapis.com/v1/operations/cHJvamVjdHMvcmFhaGVkZWVuLWluLXByb2QvbG9jYXRpb25zL2FzaWEtc291dGgxL29wZXJhdGlvbnMvb3BlcmF0aW9uLTE3Njg4OTM0NTE3ODQtNjQ4Y2M5OWQ2Y2ZhMC0zNGExZWY3NS02ODZhYWZjNg {"name":"operations/cHJvamVjdHMvcmFhaGVkZWVuLWluLXByb2QvbG9jYXRpb25zL2FzaWEtc291dGgxL29wZXJhdGlvbnMvb3BlcmF0aW9uLTE3Njg4OTM0NTE3ODQtNjQ4Y2M5OWQ2Y2ZhMC0zNGExZWY3NS02ODZhYWZjNg","metadata":{"@type":"type.googleapis.com/google.cloud.functions.v1.OperationMetadataV1","target":"projects/raahedeen-in-prod/locations/asia-south1/functions/sendBroadcast","type":"CREATE_FUNCTION","request":{"@type":"type.googleapis.com/google.cloud.functions.v1.CloudFunction","name":"projects/raahedeen-in-prod/locations/asia-south1/functions/sendBroadcast","httpsTrigger":{"securityLevel":"SECURE_ALWAYS"},"entryPoint":"sendBroadcast","updateTime":"1970-01-01T00:00:00Z","labels":{"deployment-tool":"cli-firebase","deployment-callable":"true","firebase-functions-hash":"83eef2ab9d37363b4ef3845a455e14a8e118ac1e"},"sourceUploadUrl":"https://storage.googleapis.com/uploads-1078618715272.asia-south1.cloudfunctions.appspot.com/639d2add-6cd1-4677-8693-61e32dc3679b.zip?GoogleAccessId=service-856086369170@gcf-admin-robot.iam.gserviceaccount.com&Expires=1768895148&Signature=V8Nbxa4Icg7NextjUdJUuazR4uuxb7e9O2B4yGbHm0V8rdINxFABxdqerHCJ06BP5TaalJ1YJCwELhGwaz%2FNdYtf3QprZZEIxT7NPgmsjqyTqcGmDD8RyV4Cfd4pDW4BUW8HzgRrbbi26uisRPJoiAlW%2FME%2BEuif5P1SLGRQG0ad9hlBmKCZFpuiCk1WwhBhyl911THcFVqVatvemH3%2BX7sweMydJUzhX1nPo9nGZ9mARHsh33UJAoBddSugh8XVSrn6tZbALyQXXNUyFQMN9nowYEadJuJUqsM%2FdOaB0ZsxntPPS6x4y24Gdy86gfwmKcjvoiHFobejksACPgR83w%3D%3D","environmentVariables":{"FIREBASE_CONFIG":"{\"projectId\":\"raahedeen-in-prod\",\"storageBucket\":\"raahedeen-in-prod.firebasestorage.app\"}","GCLOUD_PROJECT":"raahedeen-in-prod","EVENTARC_CLOUD_EVENT_SOURCE":"projects/raahedeen-in-prod/locations/asia-south1/functions/sendBroadcast"},"runtime":"nodejs20","buildEnvironmentVariables":{"GOOGLE_NODE_RUN_SCRIPTS":""},"sourceToken":"530f5358-f841-4b42-9f9f-3c5bc234e414","dockerRegistry":"ARTIFACT_REGISTRY"},"versionId":"1","updateTime":"2026-01-20T07:17:32.243055532Z","buildId":"8e3e4b29-d788-4b20-99a9-6d1d1e7724bd","sourceToken":"530f5358-f841-4b42-9f9f-3c5bc234e414","buildName":"projects/856086369170/locations/asia-south1/builds/8e3e4b29-d788-4b20-99a9-6d1d1e7724bd"}}
[debug] [2026-01-20T07:17:42.517Z] Got source token 530f5358-f841-4b42-9f9f-3c5bc234e414 for region asia-south1
[debug] [2026-01-20T07:17:42.553Z] <<< [apiv2][status] GET https://cloudfunctions.googleapis.com/v1/operations/cHJvamVjdHMvcmFhaGVkZWVuLWluLXByb2QvbG9jYXRpb25zL2FzaWEtc291dGgxL29wZXJhdGlvbnMvb3BlcmF0aW9uLTE3Njg4OTM0NTIwNTgtNjQ4Y2M5OWRhZmRiZC03OTE5ZTMzNS0zOWI1ZmZiYQ 200
[debug] [2026-01-20T07:17:42.553Z] <<< [apiv2][body] GET https://cloudfunctions.googleapis.com/v1/operations/cHJvamVjdHMvcmFhaGVkZWVuLWluLXByb2QvbG9jYXRpb25zL2FzaWEtc291dGgxL29wZXJhdGlvbnMvb3BlcmF0aW9uLTE3Njg4OTM0NTIwNTgtNjQ4Y2M5OWRhZmRiZC03OTE5ZTMzNS0zOWI1ZmZiYQ {"name":"operations/cHJvamVjdHMvcmFhaGVkZWVuLWluLXByb2QvbG9jYXRpb25zL2FzaWEtc291dGgxL29wZXJhdGlvbnMvb3BlcmF0aW9uLTE3Njg4OTM0NTIwNTgtNjQ4Y2M5OWRhZmRiZC03OTE5ZTMzNS0zOWI1ZmZiYQ","metadata":{"@type":"type.googleapis.com/google.cloud.functions.v1.OperationMetadataV1","target":"projects/raahedeen-in-prod/locations/asia-south1/functions/bootstrapSeed","type":"CREATE_FUNCTION","request":{"@type":"type.googleapis.com/google.cloud.functions.v1.CloudFunction","name":"projects/raahedeen-in-prod/locations/asia-south1/functions/bootstrapSeed","httpsTrigger":{"securityLevel":"SECURE_ALWAYS"},"entryPoint":"bootstrapSeed","updateTime":"1970-01-01T00:00:00Z","labels":{"deployment-tool":"cli-firebase","deployment-callable":"true","firebase-functions-hash":"83eef2ab9d37363b4ef3845a455e14a8e118ac1e"},"sourceUploadUrl":"https://storage.googleapis.com/uploads-1078618715272.asia-south1.cloudfunctions.appspot.com/639d2add-6cd1-4677-8693-61e32dc3679b.zip?GoogleAccessId=service-856086369170@gcf-admin-robot.iam.gserviceaccount.com&Expires=1768895148&Signature=V8Nbxa4Icg7NextjUdJUuazR4uuxb7e9O2B4yGbHm0V8rdINxFABxdqerHCJ06BP5TaalJ1YJCwELhGwaz%2FNdYtf3QprZZEIxT7NPgmsjqyTqcGmDD8RyV4Cfd4pDW4BUW8HzgRrbbi26uisRPJoiAlW%2FME%2BEuif5P1SLGRQG0ad9hlBmKCZFpuiCk1WwhBhyl911THcFVqVatvemH3%2BX7sweMydJUzhX1nPo9nGZ9mARHsh33UJAoBddSugh8XVSrn6tZbALyQXXNUyFQMN9nowYEadJuJUqsM%2FdOaB0ZsxntPPS6x4y24Gdy86gfwmKcjvoiHFobejksACPgR83w%3D%3D","environmentVariables":{"FIREBASE_CONFIG":"{\"projectId\":\"raahedeen-in-prod\",\"storageBucket\":\"raahedeen-in-prod.firebasestorage.app\"}","GCLOUD_PROJECT":"raahedeen-in-prod","EVENTARC_CLOUD_EVENT_SOURCE":"projects/raahedeen-in-prod/locations/asia-south1/functions/bootstrapSeed"},"runtime":"nodejs20","buildEnvironmentVariables":{"GOOGLE_NODE_RUN_SCRIPTS":""},"sourceToken":"530f5358-f841-4b42-9f9f-3c5bc234e414","dockerRegistry":"ARTIFACT_REGISTRY"},"versionId":"1","updateTime":"2026-01-20T07:17:32.519066745Z","buildId":"8e3e4b29-d788-4b20-99a9-6d1d1e7724bd","sourceToken":"530f5358-f841-4b42-9f9f-3c5bc234e414","buildName":"projects/856086369170/locations/asia-south1/builds/8e3e4b29-d788-4b20-99a9-6d1d1e7724bd"}}
[debug] [2026-01-20T07:17:42.553Z] Got source token 530f5358-f841-4b42-9f9f-3c5bc234e414 for region asia-south1
[debug] [2026-01-20T07:17:42.575Z] <<< [apiv2][status] GET https://cloudfunctions.googleapis.com/v1/operations/cHJvamVjdHMvcmFhaGVkZWVuLWluLXByb2QvbG9jYXRpb25zL2FzaWEtc291dGgxL29wZXJhdGlvbnMvb3BlcmF0aW9uLTE3Njg4OTM0NTIwNTgtNjQ4Y2M5OWRhZmVmZC0wYzdjMmEwMi1hYTJjZjgxNw 200
[debug] [2026-01-20T07:17:42.575Z] <<< [apiv2][body] GET https://cloudfunctions.googleapis.com/v1/operations/cHJvamVjdHMvcmFhaGVkZWVuLWluLXByb2QvbG9jYXRpb25zL2FzaWEtc291dGgxL29wZXJhdGlvbnMvb3BlcmF0aW9uLTE3Njg4OTM0NTIwNTgtNjQ4Y2M5OWRhZmVmZC0wYzdjMmEwMi1hYTJjZjgxNw {"name":"operations/cHJvamVjdHMvcmFhaGVkZWVuLWluLXByb2QvbG9jYXRpb25zL2FzaWEtc291dGgxL29wZXJhdGlvbnMvb3BlcmF0aW9uLTE3Njg4OTM0NTIwNTgtNjQ4Y2M5OWRhZmVmZC0wYzdjMmEwMi1hYTJjZjgxNw","metadata":{"@type":"type.googleapis.com/google.cloud.functions.v1.OperationMetadataV1","target":"projects/raahedeen-in-prod/locations/asia-south1/functions/makeAdmin","type":"CREATE_FUNCTION","request":{"@type":"type.googleapis.com/google.cloud.functions.v1.CloudFunction","name":"projects/raahedeen-in-prod/locations/asia-south1/functions/makeAdmin","httpsTrigger":{"securityLevel":"SECURE_ALWAYS"},"entryPoint":"makeAdmin","updateTime":"1970-01-01T00:00:00Z","labels":{"deployment-tool":"cli-firebase","deployment-callable":"true","firebase-functions-hash":"83eef2ab9d37363b4ef3845a455e14a8e118ac1e"},"sourceUploadUrl":"https://storage.googleapis.com/uploads-1078618715272.asia-south1.cloudfunctions.appspot.com/639d2add-6cd1-4677-8693-61e32dc3679b.zip?GoogleAccessId=service-856086369170@gcf-admin-robot.iam.gserviceaccount.com&Expires=1768895148&Signature=V8Nbxa4Icg7NextjUdJUuazR4uuxb7e9O2B4yGbHm0V8rdINxFABxdqerHCJ06BP5TaalJ1YJCwELhGwaz%2FNdYtf3QprZZEIxT7NPgmsjqyTqcGmDD8RyV4Cfd4pDW4BUW8HzgRrbbi26uisRPJoiAlW%2FME%2BEuif5P1SLGRQG0ad9hlBmKCZFpuiCk1WwhBhyl911THcFVqVatvemH3%2BX7sweMydJUzhX1nPo9nGZ9mARHsh33UJAoBddSugh8XVSrn6tZbALyQXXNUyFQMN9nowYEadJuJUqsM%2FdOaB0ZsxntPPS6x4y24Gdy86gfwmKcjvoiHFobejksACPgR83w%3D%3D","environmentVariables":{"FIREBASE_CONFIG":"{\"projectId\":\"raahedeen-in-prod\",\"storageBucket\":\"raahedeen-in-prod.firebasestorage.app\"}","GCLOUD_PROJECT":"raahedeen-in-prod","EVENTARC_CLOUD_EVENT_SOURCE":"projects/raahedeen-in-prod/locations/asia-south1/functions/makeAdmin"},"runtime":"nodejs20","buildEnvironmentVariables":{"GOOGLE_NODE_RUN_SCRIPTS":""},"sourceToken":"530f5358-f841-4b42-9f9f-3c5bc234e414","dockerRegistry":"ARTIFACT_REGISTRY"},"versionId":"1","updateTime":"2026-01-20T07:17:32.518991495Z","buildId":"8e3e4b29-d788-4b20-99a9-6d1d1e7724bd","sourceToken":"530f5358-f841-4b42-9f9f-3c5bc234e414","buildName":"projects/856086369170/locations/asia-south1/builds/8e3e4b29-d788-4b20-99a9-6d1d1e7724bd"}}
[debug] [2026-01-20T07:17:42.575Z] Got source token 530f5358-f841-4b42-9f9f-3c5bc234e414 for region asia-south1
[debug] [2026-01-20T07:17:42.591Z] [create-default-asia-south1-listUsers] Retrying task index 0
[debug] [2026-01-20T07:17:42.591Z] Checked if tokens are valid: true, expires at: 1768896130301
[debug] [2026-01-20T07:17:42.591Z] Checked if tokens are valid: true, expires at: 1768896130301
[debug] [2026-01-20T07:17:42.591Z] >>> [apiv2][query] GET https://cloudfunctions.googleapis.com/v1/operations/cHJvamVjdHMvcmFhaGVkZWVuLWluLXByb2QvbG9jYXRpb25zL2FzaWEtc291dGgxL29wZXJhdGlvbnMvb3BlcmF0aW9uLTE3Njg4OTM0NTIyMDAtNjQ4Y2M5OWRkMmI3Yi05ZmVlNGU2Yy1iYmU1MGNmYw [none]
[debug] [2026-01-20T07:17:42.610Z] <<< [apiv2][status] GET https://cloudfunctions.googleapis.com/v1/operations/cHJvamVjdHMvcmFhaGVkZWVuLWluLXByb2QvbG9jYXRpb25zL2FzaWEtc291dGgxL29wZXJhdGlvbnMvb3BlcmF0aW9uLTE3Njg4OTM0NTIwNDktNjQ4Y2M5OWRhZGNjOC02YjQ2MWNhYy0xODY0N2U1MQ 200
[debug] [2026-01-20T07:17:42.610Z] <<< [apiv2][body] GET https://cloudfunctions.googleapis.com/v1/operations/cHJvamVjdHMvcmFhaGVkZWVuLWluLXByb2QvbG9jYXRpb25zL2FzaWEtc291dGgxL29wZXJhdGlvbnMvb3BlcmF0aW9uLTE3Njg4OTM0NTIwNDktNjQ4Y2M5OWRhZGNjOC02YjQ2MWNhYy0xODY0N2U1MQ {"name":"operations/cHJvamVjdHMvcmFhaGVkZWVuLWluLXByb2QvbG9jYXRpb25zL2FzaWEtc291dGgxL29wZXJhdGlvbnMvb3BlcmF0aW9uLTE3Njg4OTM0NTIwNDktNjQ4Y2M5OWRhZGNjOC02YjQ2MWNhYy0xODY0N2U1MQ","metadata":{"@type":"type.googleapis.com/google.cloud.functions.v1.OperationMetadataV1","target":"projects/raahedeen-in-prod/locations/asia-south1/functions/setAdminRole","type":"CREATE_FUNCTION","request":{"@type":"type.googleapis.com/google.cloud.functions.v1.CloudFunction","name":"projects/raahedeen-in-prod/locations/asia-south1/functions/setAdminRole","httpsTrigger":{"securityLevel":"SECURE_ALWAYS"},"entryPoint":"setAdminRole","updateTime":"1970-01-01T00:00:00Z","labels":{"deployment-tool":"cli-firebase","deployment-callable":"true","firebase-functions-hash":"83eef2ab9d37363b4ef3845a455e14a8e118ac1e"},"sourceUploadUrl":"https://storage.googleapis.com/uploads-1078618715272.asia-south1.cloudfunctions.appspot.com/639d2add-6cd1-4677-8693-61e32dc3679b.zip?GoogleAccessId=service-856086369170@gcf-admin-robot.iam.gserviceaccount.com&Expires=1768895148&Signature=V8Nbxa4Icg7NextjUdJUuazR4uuxb7e9O2B4yGbHm0V8rdINxFABxdqerHCJ06BP5TaalJ1YJCwELhGwaz%2FNdYtf3QprZZEIxT7NPgmsjqyTqcGmDD8RyV4Cfd4pDW4BUW8HzgRrbbi26uisRPJoiAlW%2FME%2BEuif5P1SLGRQG0ad9hlBmKCZFpuiCk1WwhBhyl911THcFVqVatvemH3%2BX7sweMydJUzhX1nPo9nGZ9mARHsh33UJAoBddSugh8XVSrn6tZbALyQXXNUyFQMN9nowYEadJuJUqsM%2FdOaB0ZsxntPPS6x4y24Gdy86gfwmKcjvoiHFobejksACPgR83w%3D%3D","environmentVariables":{"FIREBASE_CONFIG":"{\"projectId\":\"raahedeen-in-prod\",\"storageBucket\":\"raahedeen-in-prod.firebasestorage.app\"}","GCLOUD_PROJECT":"raahedeen-in-prod","EVENTARC_CLOUD_EVENT_SOURCE":"projects/raahedeen-in-prod/locations/asia-south1/functions/setAdminRole"},"runtime":"nodejs20","buildEnvironmentVariables":{"GOOGLE_NODE_RUN_SCRIPTS":""},"sourceToken":"530f5358-f841-4b42-9f9f-3c5bc234e414","dockerRegistry":"ARTIFACT_REGISTRY"},"versionId":"1","updateTime":"2026-01-20T07:17:32.517749278Z","buildId":"8e3e4b29-d788-4b20-99a9-6d1d1e7724bd","sourceToken":"530f5358-f841-4b42-9f9f-3c5bc234e414","buildName":"projects/856086369170/locations/asia-south1/builds/8e3e4b29-d788-4b20-99a9-6d1d1e7724bd"}}
[debug] [2026-01-20T07:17:42.610Z] Got source token 530f5358-f841-4b42-9f9f-3c5bc234e414 for region asia-south1
[debug] [2026-01-20T07:17:42.822Z] <<< [apiv2][status] GET https://cloudfunctions.googleapis.com/v1/operations/cHJvamVjdHMvcmFhaGVkZWVuLWluLXByb2QvbG9jYXRpb25zL2FzaWEtc291dGgxL29wZXJhdGlvbnMvb3BlcmF0aW9uLTE3Njg4OTM0NTIyMDAtNjQ4Y2M5OWRkMmI3Yi05ZmVlNGU2Yy1iYmU1MGNmYw 200
[debug] [2026-01-20T07:17:42.822Z] <<< [apiv2][body] GET https://cloudfunctions.googleapis.com/v1/operations/cHJvamVjdHMvcmFhaGVkZWVuLWluLXByb2QvbG9jYXRpb25zL2FzaWEtc291dGgxL29wZXJhdGlvbnMvb3BlcmF0aW9uLTE3Njg4OTM0NTIyMDAtNjQ4Y2M5OWRkMmI3Yi05ZmVlNGU2Yy1iYmU1MGNmYw {"name":"operations/cHJvamVjdHMvcmFhaGVkZWVuLWluLXByb2QvbG9jYXRpb25zL2FzaWEtc291dGgxL29wZXJhdGlvbnMvb3BlcmF0aW9uLTE3Njg4OTM0NTIyMDAtNjQ4Y2M5OWRkMmI3Yi05ZmVlNGU2Yy1iYmU1MGNmYw","metadata":{"@type":"type.googleapis.com/google.cloud.functions.v1.OperationMetadataV1","target":"projects/raahedeen-in-prod/locations/asia-south1/functions/listUsers","type":"CREATE_FUNCTION","request":{"@type":"type.googleapis.com/google.cloud.functions.v1.CloudFunction","name":"projects/raahedeen-in-prod/locations/asia-south1/functions/listUsers","httpsTrigger":{"securityLevel":"SECURE_ALWAYS"},"entryPoint":"listUsers","updateTime":"1970-01-01T00:00:00Z","labels":{"deployment-tool":"cli-firebase","deployment-callable":"true","firebase-functions-hash":"83eef2ab9d37363b4ef3845a455e14a8e118ac1e"},"sourceUploadUrl":"https://storage.googleapis.com/uploads-1078618715272.asia-south1.cloudfunctions.appspot.com/639d2add-6cd1-4677-8693-61e32dc3679b.zip?GoogleAccessId=service-856086369170@gcf-admin-robot.iam.gserviceaccount.com&Expires=1768895148&Signature=V8Nbxa4Icg7NextjUdJUuazR4uuxb7e9O2B4yGbHm0V8rdINxFABxdqerHCJ06BP5TaalJ1YJCwELhGwaz%2FNdYtf3QprZZEIxT7NPgmsjqyTqcGmDD8RyV4Cfd4pDW4BUW8HzgRrbbi26uisRPJoiAlW%2FME%2BEuif5P1SLGRQG0ad9hlBmKCZFpuiCk1WwhBhyl911THcFVqVatvemH3%2BX7sweMydJUzhX1nPo9nGZ9mARHsh33UJAoBddSugh8XVSrn6tZbALyQXXNUyFQMN9nowYEadJuJUqsM%2FdOaB0ZsxntPPS6x4y24Gdy86gfwmKcjvoiHFobejksACPgR83w%3D%3D","environmentVariables":{"FIREBASE_CONFIG":"{\"projectId\":\"raahedeen-in-prod\",\"storageBucket\":\"raahedeen-in-prod.firebasestorage.app\"}","GCLOUD_PROJECT":"raahedeen-in-prod","EVENTARC_CLOUD_EVENT_SOURCE":"projects/raahedeen-in-prod/locations/asia-south1/functions/listUsers"},"runtime":"nodejs20","buildEnvironmentVariables":{"GOOGLE_NODE_RUN_SCRIPTS":""},"sourceToken":"530f5358-f841-4b42-9f9f-3c5bc234e414","dockerRegistry":"ARTIFACT_REGISTRY"},"versionId":"1","updateTime":"2026-01-20T07:17:32.678122168Z","buildId":"8e3e4b29-d788-4b20-99a9-6d1d1e7724bd","sourceToken":"530f5358-f841-4b42-9f9f-3c5bc234e414","buildName":"projects/856086369170/locations/asia-south1/builds/8e3e4b29-d788-4b20-99a9-6d1d1e7724bd"}}
[debug] [2026-01-20T07:17:42.823Z] Got source token 530f5358-f841-4b42-9f9f-3c5bc234e414 for region asia-south1
[debug] [2026-01-20T07:17:42.913Z] [create-default-asia-south1-computeFinder] Retrying task index 0
[debug] [2026-01-20T07:17:42.913Z] Checked if tokens are valid: true, expires at: 1768896130301
[debug] [2026-01-20T07:17:42.913Z] Checked if tokens are valid: true, expires at: 1768896130301
[debug] [2026-01-20T07:17:42.913Z] >>> [apiv2][query] GET https://cloudfunctions.googleapis.com/v1/operations/cHJvamVjdHMvcmFhaGVkZWVuLWluLXByb2QvbG9jYXRpb25zL2FzaWEtc291dGgxL29wZXJhdGlvbnMvb3BlcmF0aW9uLTE3Njg4OTMzNDkxOTEtNjQ4Y2M5M2I5NWRkYy02MTg1Yzc3My1jMWU3ZjhjNA [none]
[debug] [2026-01-20T07:17:43.151Z] <<< [apiv2][status] GET https://cloudfunctions.googleapis.com/v1/operations/cHJvamVjdHMvcmFhaGVkZWVuLWluLXByb2QvbG9jYXRpb25zL2FzaWEtc291dGgxL29wZXJhdGlvbnMvb3BlcmF0aW9uLTE3Njg4OTMzNDkxOTEtNjQ4Y2M5M2I5NWRkYy02MTg1Yzc3My1jMWU3ZjhjNA 200
[debug] [2026-01-20T07:17:43.151Z] <<< [apiv2][body] GET https://cloudfunctions.googleapis.com/v1/operations/cHJvamVjdHMvcmFhaGVkZWVuLWluLXByb2QvbG9jYXRpb25zL2FzaWEtc291dGgxL29wZXJhdGlvbnMvb3BlcmF0aW9uLTE3Njg4OTMzNDkxOTEtNjQ4Y2M5M2I5NWRkYy02MTg1Yzc3My1jMWU3ZjhjNA {"name":"operations/cHJvamVjdHMvcmFhaGVkZWVuLWluLXByb2QvbG9jYXRpb25zL2FzaWEtc291dGgxL29wZXJhdGlvbnMvb3BlcmF0aW9uLTE3Njg4OTMzNDkxOTEtNjQ4Y2M5M2I5NWRkYy02MTg1Yzc3My1jMWU3ZjhjNA","metadata":{"@type":"type.googleapis.com/google.cloud.functions.v1.OperationMetadataV1","target":"projects/raahedeen-in-prod/locations/asia-south1/functions/computeFinder","type":"CREATE_FUNCTION","request":{"@type":"type.googleapis.com/google.cloud.functions.v1.CloudFunction","name":"projects/raahedeen-in-prod/locations/asia-south1/functions/computeFinder","httpsTrigger":{"securityLevel":"SECURE_ALWAYS"},"entryPoint":"computeFinder","updateTime":"1970-01-01T00:00:00Z","labels":{"deployment-tool":"cli-firebase","deployment-callable":"true","firebase-functions-hash":"83eef2ab9d37363b4ef3845a455e14a8e118ac1e"},"sourceUploadUrl":"https://storage.googleapis.com/uploads-1078618715272.asia-south1.cloudfunctions.appspot.com/639d2add-6cd1-4677-8693-61e32dc3679b.zip?GoogleAccessId=service-856086369170@gcf-admin-robot.iam.gserviceaccount.com&Expires=1768895148&Signature=V8Nbxa4Icg7NextjUdJUuazR4uuxb7e9O2B4yGbHm0V8rdINxFABxdqerHCJ06BP5TaalJ1YJCwELhGwaz%2FNdYtf3QprZZEIxT7NPgmsjqyTqcGmDD8RyV4Cfd4pDW4BUW8HzgRrbbi26uisRPJoiAlW%2FME%2BEuif5P1SLGRQG0ad9hlBmKCZFpuiCk1WwhBhyl911THcFVqVatvemH3%2BX7sweMydJUzhX1nPo9nGZ9mARHsh33UJAoBddSugh8XVSrn6tZbALyQXXNUyFQMN9nowYEadJuJUqsM%2FdOaB0ZsxntPPS6x4y24Gdy86gfwmKcjvoiHFobejksACPgR83w%3D%3D","environmentVariables":{"FIREBASE_CONFIG":"{\"projectId\":\"raahedeen-in-prod\",\"storageBucket\":\"raahedeen-in-prod.firebasestorage.app\"}","GCLOUD_PROJECT":"raahedeen-in-prod","EVENTARC_CLOUD_EVENT_SOURCE":"projects/raahedeen-in-prod/locations/asia-south1/functions/computeFinder"},"runtime":"nodejs20","buildEnvironmentVariables":{"GOOGLE_NODE_RUN_SCRIPTS":""},"dockerRegistry":"ARTIFACT_REGISTRY"},"versionId":"1","updateTime":"2026-01-20T07:15:52.241255023Z","buildId":"8e3e4b29-d788-4b20-99a9-6d1d1e7724bd","sourceToken":"530f5358-f841-4b42-9f9f-3c5bc234e414","buildName":"projects/856086369170/locations/asia-south1/builds/8e3e4b29-d788-4b20-99a9-6d1d1e7724bd"}}
[debug] [2026-01-20T07:17:43.151Z] Got source token 530f5358-f841-4b42-9f9f-3c5bc234e414 for region asia-south1
[debug] [2026-01-20T07:17:50.394Z] [create-default-asia-south1-onAuthCreate] Retrying task index 0
[debug] [2026-01-20T07:17:50.394Z] Checked if tokens are valid: true, expires at: 1768896130301
[debug] [2026-01-20T07:17:50.394Z] Checked if tokens are valid: true, expires at: 1768896130301
[debug] [2026-01-20T07:17:50.394Z] >>> [apiv2][query] GET https://cloudfunctions.googleapis.com/v1/operations/cHJvamVjdHMvcmFhaGVkZWVuLWluLXByb2QvbG9jYXRpb25zL2FzaWEtc291dGgxL29wZXJhdGlvbnMvb3BlcmF0aW9uLTE3Njg4OTM0NTIwNTUtNjQ4Y2M5OWRhZjM0Mi00Mjc5YjZhNC03ZTM3MTFlMA [none]
[debug] [2026-01-20T07:17:50.518Z] [create-default-asia-south1-sendBroadcast] Retrying task index 0
[debug] [2026-01-20T07:17:50.518Z] Checked if tokens are valid: true, expires at: 1768896130301
[debug] [2026-01-20T07:17:50.518Z] Checked if tokens are valid: true, expires at: 1768896130301
[debug] [2026-01-20T07:17:50.518Z] >>> [apiv2][query] GET https://cloudfunctions.googleapis.com/v1/operations/cHJvamVjdHMvcmFhaGVkZWVuLWluLXByb2QvbG9jYXRpb25zL2FzaWEtc291dGgxL29wZXJhdGlvbnMvb3BlcmF0aW9uLTE3Njg4OTM0NTE3ODQtNjQ4Y2M5OWQ2Y2ZhMC0zNGExZWY3NS02ODZhYWZjNg [none]
[debug] [2026-01-20T07:17:50.565Z] [create-default-asia-south1-bootstrapSeed] Retrying task index 0
[debug] [2026-01-20T07:17:50.565Z] Checked if tokens are valid: true, expires at: 1768896130301
[debug] [2026-01-20T07:17:50.565Z] Checked if tokens are valid: true, expires at: 1768896130301
[debug] [2026-01-20T07:17:50.565Z] >>> [apiv2][query] GET https://cloudfunctions.googleapis.com/v1/operations/cHJvamVjdHMvcmFhaGVkZWVuLWluLXByb2QvbG9jYXRpb25zL2FzaWEtc291dGgxL29wZXJhdGlvbnMvb3BlcmF0aW9uLTE3Njg4OTM0NTIwNTgtNjQ4Y2M5OWRhZmRiZC03OTE5ZTMzNS0zOWI1ZmZiYQ [none]
[debug] [2026-01-20T07:17:50.580Z] [create-default-asia-south1-makeAdmin] Retrying task index 0
[debug] [2026-01-20T07:17:50.580Z] Checked if tokens are valid: true, expires at: 1768896130301
[debug] [2026-01-20T07:17:50.580Z] Checked if tokens are valid: true, expires at: 1768896130301
[debug] [2026-01-20T07:17:50.580Z] >>> [apiv2][query] GET https://cloudfunctions.googleapis.com/v1/operations/cHJvamVjdHMvcmFhaGVkZWVuLWluLXByb2QvbG9jYXRpb25zL2FzaWEtc291dGgxL29wZXJhdGlvbnMvb3BlcmF0aW9uLTE3Njg4OTM0NTIwNTgtNjQ4Y2M5OWRhZmVmZC0wYzdjMmEwMi1hYTJjZjgxNw [none]
[debug] [2026-01-20T07:17:50.611Z] [create-default-asia-south1-setAdminRole] Retrying task index 0
[debug] [2026-01-20T07:17:50.611Z] Checked if tokens are valid: true, expires at: 1768896130301
[debug] [2026-01-20T07:17:50.611Z] Checked if tokens are valid: true, expires at: 1768896130301
[debug] [2026-01-20T07:17:50.611Z] >>> [apiv2][query] GET https://cloudfunctions.googleapis.com/v1/operations/cHJvamVjdHMvcmFhaGVkZWVuLWluLXByb2QvbG9jYXRpb25zL2FzaWEtc291dGgxL29wZXJhdGlvbnMvb3BlcmF0aW9uLTE3Njg4OTM0NTIwNDktNjQ4Y2M5OWRhZGNjOC02YjQ2MWNhYy0xODY0N2U1MQ [none]
[debug] [2026-01-20T07:17:50.685Z] <<< [apiv2][status] GET https://cloudfunctions.googleapis.com/v1/operations/cHJvamVjdHMvcmFhaGVkZWVuLWluLXByb2QvbG9jYXRpb25zL2FzaWEtc291dGgxL29wZXJhdGlvbnMvb3BlcmF0aW9uLTE3Njg4OTM0NTIwNTUtNjQ4Y2M5OWRhZjM0Mi00Mjc5YjZhNC03ZTM3MTFlMA 200
[debug] [2026-01-20T07:17:50.685Z] <<< [apiv2][body] GET https://cloudfunctions.googleapis.com/v1/operations/cHJvamVjdHMvcmFhaGVkZWVuLWluLXByb2QvbG9jYXRpb25zL2FzaWEtc291dGgxL29wZXJhdGlvbnMvb3BlcmF0aW9uLTE3Njg4OTM0NTIwNTUtNjQ4Y2M5OWRhZjM0Mi00Mjc5YjZhNC03ZTM3MTFlMA {"name":"operations/cHJvamVjdHMvcmFhaGVkZWVuLWluLXByb2QvbG9jYXRpb25zL2FzaWEtc291dGgxL29wZXJhdGlvbnMvb3BlcmF0aW9uLTE3Njg4OTM0NTIwNTUtNjQ4Y2M5OWRhZjM0Mi00Mjc5YjZhNC03ZTM3MTFlMA","metadata":{"@type":"type.googleapis.com/google.cloud.functions.v1.OperationMetadataV1","target":"projects/raahedeen-in-prod/locations/asia-south1/functions/onAuthCreate","type":"CREATE_FUNCTION","request":{"@type":"type.googleapis.com/google.cloud.functions.v1.CloudFunction","name":"projects/raahedeen-in-prod/locations/asia-south1/functions/onAuthCreate","eventTrigger":{"eventType":"providers/firebase.auth/eventTypes/user.create","resource":"projects/raahedeen-in-prod","failurePolicy":{}},"entryPoint":"onAuthCreate","updateTime":"1970-01-01T00:00:00Z","labels":{"deployment-tool":"cli-firebase","firebase-functions-hash":"83eef2ab9d37363b4ef3845a455e14a8e118ac1e"},"sourceUploadUrl":"https://storage.googleapis.com/uploads-1078618715272.asia-south1.cloudfunctions.appspot.com/639d2add-6cd1-4677-8693-61e32dc3679b.zip?GoogleAccessId=service-856086369170@gcf-admin-robot.iam.gserviceaccount.com&Expires=1768895148&Signature=V8Nbxa4Icg7NextjUdJUuazR4uuxb7e9O2B4yGbHm0V8rdINxFABxdqerHCJ06BP5TaalJ1YJCwELhGwaz%2FNdYtf3QprZZEIxT7NPgmsjqyTqcGmDD8RyV4Cfd4pDW4BUW8HzgRrbbi26uisRPJoiAlW%2FME%2BEuif5P1SLGRQG0ad9hlBmKCZFpuiCk1WwhBhyl911THcFVqVatvemH3%2BX7sweMydJUzhX1nPo9nGZ9mARHsh33UJAoBddSugh8XVSrn6tZbALyQXXNUyFQMN9nowYEadJuJUqsM%2FdOaB0ZsxntPPS6x4y24Gdy86gfwmKcjvoiHFobejksACPgR83w%3D%3D","environmentVariables":{"FIREBASE_CONFIG":"{\"projectId\":\"raahedeen-in-prod\",\"storageBucket\":\"raahedeen-in-prod.firebasestorage.app\"}","GCLOUD_PROJECT":"raahedeen-in-prod","EVENTARC_CLOUD_EVENT_SOURCE":"projects/raahedeen-in-prod/locations/asia-south1/functions/onAuthCreate"},"runtime":"nodejs20","buildEnvironmentVariables":{"GOOGLE_NODE_RUN_SCRIPTS":""},"sourceToken":"530f5358-f841-4b42-9f9f-3c5bc234e414","dockerRegistry":"ARTIFACT_REGISTRY"},"versionId":"1","updateTime":"2026-01-20T07:17:32.488402058Z","buildId":"8e3e4b29-d788-4b20-99a9-6d1d1e7724bd","sourceToken":"530f5358-f841-4b42-9f9f-3c5bc234e414","buildName":"projects/856086369170/locations/asia-south1/builds/8e3e4b29-d788-4b20-99a9-6d1d1e7724bd"}}
[debug] [2026-01-20T07:17:50.685Z] Got source token 530f5358-f841-4b42-9f9f-3c5bc234e414 for region asia-south1
[debug] [2026-01-20T07:17:50.802Z] <<< [apiv2][status] GET https://cloudfunctions.googleapis.com/v1/operations/cHJvamVjdHMvcmFhaGVkZWVuLWluLXByb2QvbG9jYXRpb25zL2FzaWEtc291dGgxL29wZXJhdGlvbnMvb3BlcmF0aW9uLTE3Njg4OTM0NTE3ODQtNjQ4Y2M5OWQ2Y2ZhMC0zNGExZWY3NS02ODZhYWZjNg 200
[debug] [2026-01-20T07:17:50.802Z] <<< [apiv2][body] GET https://cloudfunctions.googleapis.com/v1/operations/cHJvamVjdHMvcmFhaGVkZWVuLWluLXByb2QvbG9jYXRpb25zL2FzaWEtc291dGgxL29wZXJhdGlvbnMvb3BlcmF0aW9uLTE3Njg4OTM0NTE3ODQtNjQ4Y2M5OWQ2Y2ZhMC0zNGExZWY3NS02ODZhYWZjNg {"name":"operations/cHJvamVjdHMvcmFhaGVkZWVuLWluLXByb2QvbG9jYXRpb25zL2FzaWEtc291dGgxL29wZXJhdGlvbnMvb3BlcmF0aW9uLTE3Njg4OTM0NTE3ODQtNjQ4Y2M5OWQ2Y2ZhMC0zNGExZWY3NS02ODZhYWZjNg","metadata":{"@type":"type.googleapis.com/google.cloud.functions.v1.OperationMetadataV1","target":"projects/raahedeen-in-prod/locations/asia-south1/functions/sendBroadcast","type":"CREATE_FUNCTION","request":{"@type":"type.googleapis.com/google.cloud.functions.v1.CloudFunction","name":"projects/raahedeen-in-prod/locations/asia-south1/functions/sendBroadcast","httpsTrigger":{"securityLevel":"SECURE_ALWAYS"},"entryPoint":"sendBroadcast","updateTime":"1970-01-01T00:00:00Z","labels":{"deployment-tool":"cli-firebase","deployment-callable":"true","firebase-functions-hash":"83eef2ab9d37363b4ef3845a455e14a8e118ac1e"},"sourceUploadUrl":"https://storage.googleapis.com/uploads-1078618715272.asia-south1.cloudfunctions.appspot.com/639d2add-6cd1-4677-8693-61e32dc3679b.zip?GoogleAccessId=service-856086369170@gcf-admin-robot.iam.gserviceaccount.com&Expires=1768895148&Signature=V8Nbxa4Icg7NextjUdJUuazR4uuxb7e9O2B4yGbHm0V8rdINxFABxdqerHCJ06BP5TaalJ1YJCwELhGwaz%2FNdYtf3QprZZEIxT7NPgmsjqyTqcGmDD8RyV4Cfd4pDW4BUW8HzgRrbbi26uisRPJoiAlW%2FME%2BEuif5P1SLGRQG0ad9hlBmKCZFpuiCk1WwhBhyl911THcFVqVatvemH3%2BX7sweMydJUzhX1nPo9nGZ9mARHsh33UJAoBddSugh8XVSrn6tZbALyQXXNUyFQMN9nowYEadJuJUqsM%2FdOaB0ZsxntPPS6x4y24Gdy86gfwmKcjvoiHFobejksACPgR83w%3D%3D","environmentVariables":{"FIREBASE_CONFIG":"{\"projectId\":\"raahedeen-in-prod\",\"storageBucket\":\"raahedeen-in-prod.firebasestorage.app\"}","GCLOUD_PROJECT":"raahedeen-in-prod","EVENTARC_CLOUD_EVENT_SOURCE":"projects/raahedeen-in-prod/locations/asia-south1/functions/sendBroadcast"},"runtime":"nodejs20","buildEnvironmentVariables":{"GOOGLE_NODE_RUN_SCRIPTS":""},"sourceToken":"530f5358-f841-4b42-9f9f-3c5bc234e414","dockerRegistry":"ARTIFACT_REGISTRY"},"versionId":"1","updateTime":"2026-01-20T07:17:45.401868041Z","buildId":"8e3e4b29-d788-4b20-99a9-6d1d1e7724bd","sourceToken":"530f5358-f841-4b42-9f9f-3c5bc234e414","buildName":"projects/856086369170/locations/asia-south1/builds/8e3e4b29-d788-4b20-99a9-6d1d1e7724bd"},"done":true,"response":{"@type":"type.googleapis.com/google.cloud.functions.v1.CloudFunction","name":"projects/raahedeen-in-prod/locations/asia-south1/functions/sendBroadcast","httpsTrigger":{"url":"https://asia-south1-raahedeen-in-prod.cloudfunctions.net/sendBroadcast","securityLevel":"SECURE_ALWAYS"},"status":"ACTIVE","entryPoint":"sendBroadcast","timeout":"60s","availableMemoryMb":256,"serviceAccountEmail":"raahedeen-in-prod@appspot.gserviceaccount.com","updateTime":"2026-01-20T07:17:32.237256549Z","versionId":"1","labels":{"deployment-tool":"cli-firebase","deployment-callable":"true","firebase-functions-hash":"83eef2ab9d37363b4ef3845a455e14a8e118ac1e"},"sourceUploadUrl":"https://storage.googleapis.com/uploads-1078618715272.asia-south1.cloudfunctions.appspot.com/639d2add-6cd1-4677-8693-61e32dc3679b.zip","environmentVariables":{"FIREBASE_CONFIG":"{\"projectId\":\"raahedeen-in-prod\",\"storageBucket\":\"raahedeen-in-prod.firebasestorage.app\"}","GCLOUD_PROJECT":"raahedeen-in-prod","EVENTARC_CLOUD_EVENT_SOURCE":"projects/raahedeen-in-prod/locations/asia-south1/functions/sendBroadcast"},"runtime":"nodejs20","ingressSettings":"ALLOW_ALL","buildId":"8e3e4b29-d788-4b20-99a9-6d1d1e7724bd","buildEnvironmentVariables":{"GOOGLE_NODE_RUN_SCRIPTS":""},"buildName":"projects/856086369170/locations/asia-south1/builds/8e3e4b29-d788-4b20-99a9-6d1d1e7724bd","dockerRegistry":"ARTIFACT_REGISTRY","automaticUpdatePolicy":{},"buildServiceAccount":"projects/raahedeen-in-prod/serviceAccounts/856086369170-compute@developer.gserviceaccount.com","satisfiesPzs":true,"satisfiesPzi":true}}
[debug] [2026-01-20T07:17:50.802Z] Got source token 530f5358-f841-4b42-9f9f-3c5bc234e414 for region asia-south1
[debug] [2026-01-20T07:17:50.802Z] Checked if tokens are valid: true, expires at: 1768896130301
[debug] [2026-01-20T07:17:50.802Z] Checked if tokens are valid: true, expires at: 1768896130301
[debug] [2026-01-20T07:17:50.802Z] >>> [apiv2][query] POST https://cloudfunctions.googleapis.com/v1/projects/raahedeen-in-prod/locations/asia-south1/functions/sendBroadcast:setIamPolicy [none]
[debug] [2026-01-20T07:17:50.802Z] >>> [apiv2][body] POST https://cloudfunctions.googleapis.com/v1/projects/raahedeen-in-prod/locations/asia-south1/functions/sendBroadcast:setIamPolicy {"policy":{"bindings":[{"role":"roles/cloudfunctions.invoker","members":["allUsers"]}],"etag":"","version":3},"updateMask":"bindings,etag,version"}
[debug] [2026-01-20T07:17:50.827Z] [create-default-asia-south1-listUsers] Retrying task index 0
[debug] [2026-01-20T07:17:50.828Z] Checked if tokens are valid: true, expires at: 1768896130301
[debug] [2026-01-20T07:17:50.828Z] Checked if tokens are valid: true, expires at: 1768896130301
[debug] [2026-01-20T07:17:50.828Z] >>> [apiv2][query] GET https://cloudfunctions.googleapis.com/v1/operations/cHJvamVjdHMvcmFhaGVkZWVuLWluLXByb2QvbG9jYXRpb25zL2FzaWEtc291dGgxL29wZXJhdGlvbnMvb3BlcmF0aW9uLTE3Njg4OTM0NTIyMDAtNjQ4Y2M5OWRkMmI3Yi05ZmVlNGU2Yy1iYmU1MGNmYw [none]
[debug] [2026-01-20T07:17:50.863Z] <<< [apiv2][status] GET https://cloudfunctions.googleapis.com/v1/operations/cHJvamVjdHMvcmFhaGVkZWVuLWluLXByb2QvbG9jYXRpb25zL2FzaWEtc291dGgxL29wZXJhdGlvbnMvb3BlcmF0aW9uLTE3Njg4OTM0NTIwNTgtNjQ4Y2M5OWRhZmRiZC03OTE5ZTMzNS0zOWI1ZmZiYQ 200
[debug] [2026-01-20T07:17:50.863Z] <<< [apiv2][body] GET https://cloudfunctions.googleapis.com/v1/operations/cHJvamVjdHMvcmFhaGVkZWVuLWluLXByb2QvbG9jYXRpb25zL2FzaWEtc291dGgxL29wZXJhdGlvbnMvb3BlcmF0aW9uLTE3Njg4OTM0NTIwNTgtNjQ4Y2M5OWRhZmRiZC03OTE5ZTMzNS0zOWI1ZmZiYQ {"name":"operations/cHJvamVjdHMvcmFhaGVkZWVuLWluLXByb2QvbG9jYXRpb25zL2FzaWEtc291dGgxL29wZXJhdGlvbnMvb3BlcmF0aW9uLTE3Njg4OTM0NTIwNTgtNjQ4Y2M5OWRhZmRiZC03OTE5ZTMzNS0zOWI1ZmZiYQ","metadata":{"@type":"type.googleapis.com/google.cloud.functions.v1.OperationMetadataV1","target":"projects/raahedeen-in-prod/locations/asia-south1/functions/bootstrapSeed","type":"CREATE_FUNCTION","request":{"@type":"type.googleapis.com/google.cloud.functions.v1.CloudFunction","name":"projects/raahedeen-in-prod/locations/asia-south1/functions/bootstrapSeed","httpsTrigger":{"securityLevel":"SECURE_ALWAYS"},"entryPoint":"bootstrapSeed","updateTime":"1970-01-01T00:00:00Z","labels":{"deployment-tool":"cli-firebase","deployment-callable":"true","firebase-functions-hash":"83eef2ab9d37363b4ef3845a455e14a8e118ac1e"},"sourceUploadUrl":"https://storage.googleapis.com/uploads-1078618715272.asia-south1.cloudfunctions.appspot.com/639d2add-6cd1-4677-8693-61e32dc3679b.zip?GoogleAccessId=service-856086369170@gcf-admin-robot.iam.gserviceaccount.com&Expires=1768895148&Signature=V8Nbxa4Icg7NextjUdJUuazR4uuxb7e9O2B4yGbHm0V8rdINxFABxdqerHCJ06BP5TaalJ1YJCwELhGwaz%2FNdYtf3QprZZEIxT7NPgmsjqyTqcGmDD8RyV4Cfd4pDW4BUW8HzgRrbbi26uisRPJoiAlW%2FME%2BEuif5P1SLGRQG0ad9hlBmKCZFpuiCk1WwhBhyl911THcFVqVatvemH3%2BX7sweMydJUzhX1nPo9nGZ9mARHsh33UJAoBddSugh8XVSrn6tZbALyQXXNUyFQMN9nowYEadJuJUqsM%2FdOaB0ZsxntPPS6x4y24Gdy86gfwmKcjvoiHFobejksACPgR83w%3D%3D","environmentVariables":{"FIREBASE_CONFIG":"{\"projectId\":\"raahedeen-in-prod\",\"storageBucket\":\"raahedeen-in-prod.firebasestorage.app\"}","GCLOUD_PROJECT":"raahedeen-in-prod","EVENTARC_CLOUD_EVENT_SOURCE":"projects/raahedeen-in-prod/locations/asia-south1/functions/bootstrapSeed"},"runtime":"nodejs20","buildEnvironmentVariables":{"GOOGLE_NODE_RUN_SCRIPTS":""},"sourceToken":"530f5358-f841-4b42-9f9f-3c5bc234e414","dockerRegistry":"ARTIFACT_REGISTRY"},"versionId":"1","updateTime":"2026-01-20T07:17:48.510212964Z","buildId":"8e3e4b29-d788-4b20-99a9-6d1d1e7724bd","sourceToken":"530f5358-f841-4b42-9f9f-3c5bc234e414","buildName":"projects/856086369170/locations/asia-south1/builds/8e3e4b29-d788-4b20-99a9-6d1d1e7724bd"},"done":true,"response":{"@type":"type.googleapis.com/google.cloud.functions.v1.CloudFunction","name":"projects/raahedeen-in-prod/locations/asia-south1/functions/bootstrapSeed","httpsTrigger":{"url":"https://asia-south1-raahedeen-in-prod.cloudfunctions.net/bootstrapSeed","securityLevel":"SECURE_ALWAYS"},"status":"ACTIVE","entryPoint":"bootstrapSeed","timeout":"60s","availableMemoryMb":256,"serviceAccountEmail":"raahedeen-in-prod@appspot.gserviceaccount.com","updateTime":"2026-01-20T07:17:32.513887526Z","versionId":"1","labels":{"firebase-functions-hash":"83eef2ab9d37363b4ef3845a455e14a8e118ac1e","deployment-tool":"cli-firebase","deployment-callable":"true"},"sourceUploadUrl":"https://storage.googleapis.com/uploads-1078618715272.asia-south1.cloudfunctions.appspot.com/639d2add-6cd1-4677-8693-61e32dc3679b.zip","environmentVariables":{"FIREBASE_CONFIG":"{\"projectId\":\"raahedeen-in-prod\",\"storageBucket\":\"raahedeen-in-prod.firebasestorage.app\"}","GCLOUD_PROJECT":"raahedeen-in-prod","EVENTARC_CLOUD_EVENT_SOURCE":"projects/raahedeen-in-prod/locations/asia-south1/functions/bootstrapSeed"},"runtime":"nodejs20","ingressSettings":"ALLOW_ALL","buildId":"8e3e4b29-d788-4b20-99a9-6d1d1e7724bd","buildEnvironmentVariables":{"GOOGLE_NODE_RUN_SCRIPTS":""},"buildName":"projects/856086369170/locations/asia-south1/builds/8e3e4b29-d788-4b20-99a9-6d1d1e7724bd","dockerRegistry":"ARTIFACT_REGISTRY","automaticUpdatePolicy":{},"buildServiceAccount":"projects/raahedeen-in-prod/serviceAccounts/856086369170-compute@developer.gserviceaccount.com","satisfiesPzs":true,"satisfiesPzi":true}}
[debug] [2026-01-20T07:17:50.863Z] Got source token 530f5358-f841-4b42-9f9f-3c5bc234e414 for region asia-south1
[debug] [2026-01-20T07:17:50.863Z] Checked if tokens are valid: true, expires at: 1768896130301
[debug] [2026-01-20T07:17:50.864Z] Checked if tokens are valid: true, expires at: 1768896130301
[debug] [2026-01-20T07:17:50.864Z] >>> [apiv2][query] POST https://cloudfunctions.googleapis.com/v1/projects/raahedeen-in-prod/locations/asia-south1/functions/bootstrapSeed:setIamPolicy [none]
[debug] [2026-01-20T07:17:50.864Z] >>> [apiv2][body] POST https://cloudfunctions.googleapis.com/v1/projects/raahedeen-in-prod/locations/asia-south1/functions/bootstrapSeed:setIamPolicy {"policy":{"bindings":[{"role":"roles/cloudfunctions.invoker","members":["allUsers"]}],"etag":"","version":3},"updateMask":"bindings,etag,version"}
[debug] [2026-01-20T07:17:50.880Z] <<< [apiv2][status] GET https://cloudfunctions.googleapis.com/v1/operations/cHJvamVjdHMvcmFhaGVkZWVuLWluLXByb2QvbG9jYXRpb25zL2FzaWEtc291dGgxL29wZXJhdGlvbnMvb3BlcmF0aW9uLTE3Njg4OTM0NTIwNTgtNjQ4Y2M5OWRhZmVmZC0wYzdjMmEwMi1hYTJjZjgxNw 200
[debug] [2026-01-20T07:17:50.880Z] <<< [apiv2][body] GET https://cloudfunctions.googleapis.com/v1/operations/cHJvamVjdHMvcmFhaGVkZWVuLWluLXByb2QvbG9jYXRpb25zL2FzaWEtc291dGgxL29wZXJhdGlvbnMvb3BlcmF0aW9uLTE3Njg4OTM0NTIwNTgtNjQ4Y2M5OWRhZmVmZC0wYzdjMmEwMi1hYTJjZjgxNw {"name":"operations/cHJvamVjdHMvcmFhaGVkZWVuLWluLXByb2QvbG9jYXRpb25zL2FzaWEtc291dGgxL29wZXJhdGlvbnMvb3BlcmF0aW9uLTE3Njg4OTM0NTIwNTgtNjQ4Y2M5OWRhZmVmZC0wYzdjMmEwMi1hYTJjZjgxNw","metadata":{"@type":"type.googleapis.com/google.cloud.functions.v1.OperationMetadataV1","target":"projects/raahedeen-in-prod/locations/asia-south1/functions/makeAdmin","type":"CREATE_FUNCTION","request":{"@type":"type.googleapis.com/google.cloud.functions.v1.CloudFunction","name":"projects/raahedeen-in-prod/locations/asia-south1/functions/makeAdmin","httpsTrigger":{"securityLevel":"SECURE_ALWAYS"},"entryPoint":"makeAdmin","updateTime":"1970-01-01T00:00:00Z","labels":{"deployment-tool":"cli-firebase","deployment-callable":"true","firebase-functions-hash":"83eef2ab9d37363b4ef3845a455e14a8e118ac1e"},"sourceUploadUrl":"https://storage.googleapis.com/uploads-1078618715272.asia-south1.cloudfunctions.appspot.com/639d2add-6cd1-4677-8693-61e32dc3679b.zip?GoogleAccessId=service-856086369170@gcf-admin-robot.iam.gserviceaccount.com&Expires=1768895148&Signature=V8Nbxa4Icg7NextjUdJUuazR4uuxb7e9O2B4yGbHm0V8rdINxFABxdqerHCJ06BP5TaalJ1YJCwELhGwaz%2FNdYtf3QprZZEIxT7NPgmsjqyTqcGmDD8RyV4Cfd4pDW4BUW8HzgRrbbi26uisRPJoiAlW%2FME%2BEuif5P1SLGRQG0ad9hlBmKCZFpuiCk1WwhBhyl911THcFVqVatvemH3%2BX7sweMydJUzhX1nPo9nGZ9mARHsh33UJAoBddSugh8XVSrn6tZbALyQXXNUyFQMN9nowYEadJuJUqsM%2FdOaB0ZsxntPPS6x4y24Gdy86gfwmKcjvoiHFobejksACPgR83w%3D%3D","environmentVariables":{"FIREBASE_CONFIG":"{\"projectId\":\"raahedeen-in-prod\",\"storageBucket\":\"raahedeen-in-prod.firebasestorage.app\"}","GCLOUD_PROJECT":"raahedeen-in-prod","EVENTARC_CLOUD_EVENT_SOURCE":"projects/raahedeen-in-prod/locations/asia-south1/functions/makeAdmin"},"runtime":"nodejs20","buildEnvironmentVariables":{"GOOGLE_NODE_RUN_SCRIPTS":""},"sourceToken":"530f5358-f841-4b42-9f9f-3c5bc234e414","dockerRegistry":"ARTIFACT_REGISTRY"},"versionId":"1","updateTime":"2026-01-20T07:17:48.278101338Z","buildId":"8e3e4b29-d788-4b20-99a9-6d1d1e7724bd","sourceToken":"530f5358-f841-4b42-9f9f-3c5bc234e414","buildName":"projects/856086369170/locations/asia-south1/builds/8e3e4b29-d788-4b20-99a9-6d1d1e7724bd"},"done":true,"response":{"@type":"type.googleapis.com/google.cloud.functions.v1.CloudFunction","name":"projects/raahedeen-in-prod/locations/asia-south1/functions/makeAdmin","httpsTrigger":{"url":"https://asia-south1-raahedeen-in-prod.cloudfunctions.net/makeAdmin","securityLevel":"SECURE_ALWAYS"},"status":"ACTIVE","entryPoint":"makeAdmin","timeout":"60s","availableMemoryMb":256,"serviceAccountEmail":"raahedeen-in-prod@appspot.gserviceaccount.com","updateTime":"2026-01-20T07:17:32.514375416Z","versionId":"1","labels":{"deployment-tool":"cli-firebase","deployment-callable":"true","firebase-functions-hash":"83eef2ab9d37363b4ef3845a455e14a8e118ac1e"},"sourceUploadUrl":"https://storage.googleapis.com/uploads-1078618715272.asia-south1.cloudfunctions.appspot.com/639d2add-6cd1-4677-8693-61e32dc3679b.zip","environmentVariables":{"FIREBASE_CONFIG":"{\"projectId\":\"raahedeen-in-prod\",\"storageBucket\":\"raahedeen-in-prod.firebasestorage.app\"}","GCLOUD_PROJECT":"raahedeen-in-prod","EVENTARC_CLOUD_EVENT_SOURCE":"projects/raahedeen-in-prod/locations/asia-south1/functions/makeAdmin"},"runtime":"nodejs20","ingressSettings":"ALLOW_ALL","buildId":"8e3e4b29-d788-4b20-99a9-6d1d1e7724bd","buildEnvironmentVariables":{"GOOGLE_NODE_RUN_SCRIPTS":""},"buildName":"projects/856086369170/locations/asia-south1/builds/8e3e4b29-d788-4b20-99a9-6d1d1e7724bd","dockerRegistry":"ARTIFACT_REGISTRY","automaticUpdatePolicy":{},"buildServiceAccount":"projects/raahedeen-in-prod/serviceAccounts/856086369170-compute@developer.gserviceaccount.com","satisfiesPzs":true,"satisfiesPzi":true}}
[debug] [2026-01-20T07:17:50.880Z] Got source token 530f5358-f841-4b42-9f9f-3c5bc234e414 for region asia-south1
[debug] [2026-01-20T07:17:50.880Z] Checked if tokens are valid: true, expires at: 1768896130301
[debug] [2026-01-20T07:17:50.880Z] Checked if tokens are valid: true, expires at: 1768896130301
[debug] [2026-01-20T07:17:50.880Z] >>> [apiv2][query] POST https://cloudfunctions.googleapis.com/v1/projects/raahedeen-in-prod/locations/asia-south1/functions/makeAdmin:setIamPolicy [none]
[debug] [2026-01-20T07:17:50.880Z] >>> [apiv2][body] POST https://cloudfunctions.googleapis.com/v1/projects/raahedeen-in-prod/locations/asia-south1/functions/makeAdmin:setIamPolicy {"policy":{"bindings":[{"role":"roles/cloudfunctions.invoker","members":["allUsers"]}],"etag":"","version":3},"updateMask":"bindings,etag,version"}
[debug] [2026-01-20T07:17:50.900Z] <<< [apiv2][status] GET https://cloudfunctions.googleapis.com/v1/operations/cHJvamVjdHMvcmFhaGVkZWVuLWluLXByb2QvbG9jYXRpb25zL2FzaWEtc291dGgxL29wZXJhdGlvbnMvb3BlcmF0aW9uLTE3Njg4OTM0NTIwNDktNjQ4Y2M5OWRhZGNjOC02YjQ2MWNhYy0xODY0N2U1MQ 200
[debug] [2026-01-20T07:17:50.900Z] <<< [apiv2][body] GET https://cloudfunctions.googleapis.com/v1/operations/cHJvamVjdHMvcmFhaGVkZWVuLWluLXByb2QvbG9jYXRpb25zL2FzaWEtc291dGgxL29wZXJhdGlvbnMvb3BlcmF0aW9uLTE3Njg4OTM0NTIwNDktNjQ4Y2M5OWRhZGNjOC02YjQ2MWNhYy0xODY0N2U1MQ {"name":"operations/cHJvamVjdHMvcmFhaGVkZWVuLWluLXByb2QvbG9jYXRpb25zL2FzaWEtc291dGgxL29wZXJhdGlvbnMvb3BlcmF0aW9uLTE3Njg4OTM0NTIwNDktNjQ4Y2M5OWRhZGNjOC02YjQ2MWNhYy0xODY0N2U1MQ","metadata":{"@type":"type.googleapis.com/google.cloud.functions.v1.OperationMetadataV1","target":"projects/raahedeen-in-prod/locations/asia-south1/functions/setAdminRole","type":"CREATE_FUNCTION","request":{"@type":"type.googleapis.com/google.cloud.functions.v1.CloudFunction","name":"projects/raahedeen-in-prod/locations/asia-south1/functions/setAdminRole","httpsTrigger":{"securityLevel":"SECURE_ALWAYS"},"entryPoint":"setAdminRole","updateTime":"1970-01-01T00:00:00Z","labels":{"deployment-tool":"cli-firebase","deployment-callable":"true","firebase-functions-hash":"83eef2ab9d37363b4ef3845a455e14a8e118ac1e"},"sourceUploadUrl":"https://storage.googleapis.com/uploads-1078618715272.asia-south1.cloudfunctions.appspot.com/639d2add-6cd1-4677-8693-61e32dc3679b.zip?GoogleAccessId=service-856086369170@gcf-admin-robot.iam.gserviceaccount.com&Expires=1768895148&Signature=V8Nbxa4Icg7NextjUdJUuazR4uuxb7e9O2B4yGbHm0V8rdINxFABxdqerHCJ06BP5TaalJ1YJCwELhGwaz%2FNdYtf3QprZZEIxT7NPgmsjqyTqcGmDD8RyV4Cfd4pDW4BUW8HzgRrbbi26uisRPJoiAlW%2FME%2BEuif5P1SLGRQG0ad9hlBmKCZFpuiCk1WwhBhyl911THcFVqVatvemH3%2BX7sweMydJUzhX1nPo9nGZ9mARHsh33UJAoBddSugh8XVSrn6tZbALyQXXNUyFQMN9nowYEadJuJUqsM%2FdOaB0ZsxntPPS6x4y24Gdy86gfwmKcjvoiHFobejksACPgR83w%3D%3D","environmentVariables":{"FIREBASE_CONFIG":"{\"projectId\":\"raahedeen-in-prod\",\"storageBucket\":\"raahedeen-in-prod.firebasestorage.app\"}","GCLOUD_PROJECT":"raahedeen-in-prod","EVENTARC_CLOUD_EVENT_SOURCE":"projects/raahedeen-in-prod/locations/asia-south1/functions/setAdminRole"},"runtime":"nodejs20","buildEnvironmentVariables":{"GOOGLE_NODE_RUN_SCRIPTS":""},"sourceToken":"530f5358-f841-4b42-9f9f-3c5bc234e414","dockerRegistry":"ARTIFACT_REGISTRY"},"versionId":"1","updateTime":"2026-01-20T07:17:47.882194393Z","buildId":"8e3e4b29-d788-4b20-99a9-6d1d1e7724bd","sourceToken":"530f5358-f841-4b42-9f9f-3c5bc234e414","buildName":"projects/856086369170/locations/asia-south1/builds/8e3e4b29-d788-4b20-99a9-6d1d1e7724bd"},"done":true,"response":{"@type":"type.googleapis.com/google.cloud.functions.v1.CloudFunction","name":"projects/raahedeen-in-prod/locations/asia-south1/functions/setAdminRole","httpsTrigger":{"url":"https://asia-south1-raahedeen-in-prod.cloudfunctions.net/setAdminRole","securityLevel":"SECURE_ALWAYS"},"status":"ACTIVE","entryPoint":"setAdminRole","timeout":"60s","availableMemoryMb":256,"serviceAccountEmail":"raahedeen-in-prod@appspot.gserviceaccount.com","updateTime":"2026-01-20T07:17:32.512345264Z","versionId":"1","labels":{"deployment-tool":"cli-firebase","deployment-callable":"true","firebase-functions-hash":"83eef2ab9d37363b4ef3845a455e14a8e118ac1e"},"sourceUploadUrl":"https://storage.googleapis.com/uploads-1078618715272.asia-south1.cloudfunctions.appspot.com/639d2add-6cd1-4677-8693-61e32dc3679b.zip","environmentVariables":{"FIREBASE_CONFIG":"{\"projectId\":\"raahedeen-in-prod\",\"storageBucket\":\"raahedeen-in-prod.firebasestorage.app\"}","GCLOUD_PROJECT":"raahedeen-in-prod","EVENTARC_CLOUD_EVENT_SOURCE":"projects/raahedeen-in-prod/locations/asia-south1/functions/setAdminRole"},"runtime":"nodejs20","ingressSettings":"ALLOW_ALL","buildId":"8e3e4b29-d788-4b20-99a9-6d1d1e7724bd","buildEnvironmentVariables":{"GOOGLE_NODE_RUN_SCRIPTS":""},"buildName":"projects/856086369170/locations/asia-south1/builds/8e3e4b29-d788-4b20-99a9-6d1d1e7724bd","dockerRegistry":"ARTIFACT_REGISTRY","automaticUpdatePolicy":{},"buildServiceAccount":"projects/raahedeen-in-prod/serviceAccounts/856086369170-compute@developer.gserviceaccount.com","satisfiesPzs":true,"satisfiesPzi":true}}
[debug] [2026-01-20T07:17:50.900Z] Got source token 530f5358-f841-4b42-9f9f-3c5bc234e414 for region asia-south1
[debug] [2026-01-20T07:17:50.900Z] Checked if tokens are valid: true, expires at: 1768896130301
[debug] [2026-01-20T07:17:50.900Z] Checked if tokens are valid: true, expires at: 1768896130301
[debug] [2026-01-20T07:17:50.900Z] >>> [apiv2][query] POST https://cloudfunctions.googleapis.com/v1/projects/raahedeen-in-prod/locations/asia-south1/functions/setAdminRole:setIamPolicy [none]
[debug] [2026-01-20T07:17:50.900Z] >>> [apiv2][body] POST https://cloudfunctions.googleapis.com/v1/projects/raahedeen-in-prod/locations/asia-south1/functions/setAdminRole:setIamPolicy {"policy":{"bindings":[{"role":"roles/cloudfunctions.invoker","members":["allUsers"]}],"etag":"","version":3},"updateMask":"bindings,etag,version"}
[debug] [2026-01-20T07:17:51.063Z] <<< [apiv2][status] GET https://cloudfunctions.googleapis.com/v1/operations/cHJvamVjdHMvcmFhaGVkZWVuLWluLXByb2QvbG9jYXRpb25zL2FzaWEtc291dGgxL29wZXJhdGlvbnMvb3BlcmF0aW9uLTE3Njg4OTM0NTIyMDAtNjQ4Y2M5OWRkMmI3Yi05ZmVlNGU2Yy1iYmU1MGNmYw 200
[debug] [2026-01-20T07:17:51.063Z] <<< [apiv2][body] GET https://cloudfunctions.googleapis.com/v1/operations/cHJvamVjdHMvcmFhaGVkZWVuLWluLXByb2QvbG9jYXRpb25zL2FzaWEtc291dGgxL29wZXJhdGlvbnMvb3BlcmF0aW9uLTE3Njg4OTM0NTIyMDAtNjQ4Y2M5OWRkMmI3Yi05ZmVlNGU2Yy1iYmU1MGNmYw {"name":"operations/cHJvamVjdHMvcmFhaGVkZWVuLWluLXByb2QvbG9jYXRpb25zL2FzaWEtc291dGgxL29wZXJhdGlvbnMvb3BlcmF0aW9uLTE3Njg4OTM0NTIyMDAtNjQ4Y2M5OWRkMmI3Yi05ZmVlNGU2Yy1iYmU1MGNmYw","metadata":{"@type":"type.googleapis.com/google.cloud.functions.v1.OperationMetadataV1","target":"projects/raahedeen-in-prod/locations/asia-south1/functions/listUsers","type":"CREATE_FUNCTION","request":{"@type":"type.googleapis.com/google.cloud.functions.v1.CloudFunction","name":"projects/raahedeen-in-prod/locations/asia-south1/functions/listUsers","httpsTrigger":{"securityLevel":"SECURE_ALWAYS"},"entryPoint":"listUsers","updateTime":"1970-01-01T00:00:00Z","labels":{"deployment-tool":"cli-firebase","deployment-callable":"true","firebase-functions-hash":"83eef2ab9d37363b4ef3845a455e14a8e118ac1e"},"sourceUploadUrl":"https://storage.googleapis.com/uploads-1078618715272.asia-south1.cloudfunctions.appspot.com/639d2add-6cd1-4677-8693-61e32dc3679b.zip?GoogleAccessId=service-856086369170@gcf-admin-robot.iam.gserviceaccount.com&Expires=1768895148&Signature=V8Nbxa4Icg7NextjUdJUuazR4uuxb7e9O2B4yGbHm0V8rdINxFABxdqerHCJ06BP5TaalJ1YJCwELhGwaz%2FNdYtf3QprZZEIxT7NPgmsjqyTqcGmDD8RyV4Cfd4pDW4BUW8HzgRrbbi26uisRPJoiAlW%2FME%2BEuif5P1SLGRQG0ad9hlBmKCZFpuiCk1WwhBhyl911THcFVqVatvemH3%2BX7sweMydJUzhX1nPo9nGZ9mARHsh33UJAoBddSugh8XVSrn6tZbALyQXXNUyFQMN9nowYEadJuJUqsM%2FdOaB0ZsxntPPS6x4y24Gdy86gfwmKcjvoiHFobejksACPgR83w%3D%3D","environmentVariables":{"FIREBASE_CONFIG":"{\"projectId\":\"raahedeen-in-prod\",\"storageBucket\":\"raahedeen-in-prod.firebasestorage.app\"}","GCLOUD_PROJECT":"raahedeen-in-prod","EVENTARC_CLOUD_EVENT_SOURCE":"projects/raahedeen-in-prod/locations/asia-south1/functions/listUsers"},"runtime":"nodejs20","buildEnvironmentVariables":{"GOOGLE_NODE_RUN_SCRIPTS":""},"sourceToken":"530f5358-f841-4b42-9f9f-3c5bc234e414","dockerRegistry":"ARTIFACT_REGISTRY"},"versionId":"1","updateTime":"2026-01-20T07:17:47.802575476Z","buildId":"8e3e4b29-d788-4b20-99a9-6d1d1e7724bd","sourceToken":"530f5358-f841-4b42-9f9f-3c5bc234e414","buildName":"projects/856086369170/locations/asia-south1/builds/8e3e4b29-d788-4b20-99a9-6d1d1e7724bd"},"done":true,"response":{"@type":"type.googleapis.com/google.cloud.functions.v1.CloudFunction","name":"projects/raahedeen-in-prod/locations/asia-south1/functions/listUsers","httpsTrigger":{"url":"https://asia-south1-raahedeen-in-prod.cloudfunctions.net/listUsers","securityLevel":"SECURE_ALWAYS"},"status":"ACTIVE","entryPoint":"listUsers","timeout":"60s","availableMemoryMb":256,"serviceAccountEmail":"raahedeen-in-prod@appspot.gserviceaccount.com","updateTime":"2026-01-20T07:17:32.672854023Z","versionId":"1","labels":{"firebase-functions-hash":"83eef2ab9d37363b4ef3845a455e14a8e118ac1e","deployment-tool":"cli-firebase","deployment-callable":"true"},"sourceUploadUrl":"https://storage.googleapis.com/uploads-1078618715272.asia-south1.cloudfunctions.appspot.com/639d2add-6cd1-4677-8693-61e32dc3679b.zip","environmentVariables":{"FIREBASE_CONFIG":"{\"projectId\":\"raahedeen-in-prod\",\"storageBucket\":\"raahedeen-in-prod.firebasestorage.app\"}","GCLOUD_PROJECT":"raahedeen-in-prod","EVENTARC_CLOUD_EVENT_SOURCE":"projects/raahedeen-in-prod/locations/asia-south1/functions/listUsers"},"runtime":"nodejs20","ingressSettings":"ALLOW_ALL","buildId":"8e3e4b29-d788-4b20-99a9-6d1d1e7724bd","buildEnvironmentVariables":{"GOOGLE_NODE_RUN_SCRIPTS":""},"buildName":"projects/856086369170/locations/asia-south1/builds/8e3e4b29-d788-4b20-99a9-6d1d1e7724bd","dockerRegistry":"ARTIFACT_REGISTRY","automaticUpdatePolicy":{},"buildServiceAccount":"projects/raahedeen-in-prod/serviceAccounts/856086369170-compute@developer.gserviceaccount.com","satisfiesPzs":true,"satisfiesPzi":true}}
[debug] [2026-01-20T07:17:51.063Z] Got source token 530f5358-f841-4b42-9f9f-3c5bc234e414 for region asia-south1
[debug] [2026-01-20T07:17:51.064Z] Checked if tokens are valid: true, expires at: 1768896130301
[debug] [2026-01-20T07:17:51.064Z] Checked if tokens are valid: true, expires at: 1768896130301
[debug] [2026-01-20T07:17:51.064Z] >>> [apiv2][query] POST https://cloudfunctions.googleapis.com/v1/projects/raahedeen-in-prod/locations/asia-south1/functions/listUsers:setIamPolicy [none]
[debug] [2026-01-20T07:17:51.064Z] >>> [apiv2][body] POST https://cloudfunctions.googleapis.com/v1/projects/raahedeen-in-prod/locations/asia-south1/functions/listUsers:setIamPolicy {"policy":{"bindings":[{"role":"roles/cloudfunctions.invoker","members":["allUsers"]}],"etag":"","version":3},"updateMask":"bindings,etag,version"}
[debug] [2026-01-20T07:17:51.505Z] <<< [apiv2][status] POST https://cloudfunctions.googleapis.com/v1/projects/raahedeen-in-prod/locations/asia-south1/functions/makeAdmin:setIamPolicy 200
[debug] [2026-01-20T07:17:51.505Z] <<< [apiv2][body] POST https://cloudfunctions.googleapis.com/v1/projects/raahedeen-in-prod/locations/asia-south1/functions/makeAdmin:setIamPolicy {"version":1,"etag":"BwZIzJrsP4Q=","bindings":[{"role":"roles/cloudfunctions.invoker","members":["allUsers"]}]}
[info] +  functions[makeAdmin(asia-south1)] Successful create operation. 
[debug] [2026-01-20T07:17:51.507Z] <<< [apiv2][status] POST https://cloudfunctions.googleapis.com/v1/projects/raahedeen-in-prod/locations/asia-south1/functions/sendBroadcast:setIamPolicy 200
[debug] [2026-01-20T07:17:51.507Z] <<< [apiv2][body] POST https://cloudfunctions.googleapis.com/v1/projects/raahedeen-in-prod/locations/asia-south1/functions/sendBroadcast:setIamPolicy {"version":1,"etag":"BwZIzJrsRLE=","bindings":[{"role":"roles/cloudfunctions.invoker","members":["allUsers"]}]}
[info] +  functions[sendBroadcast(asia-south1)] Successful create operation. 
[debug] [2026-01-20T07:17:51.533Z] <<< [apiv2][status] POST https://cloudfunctions.googleapis.com/v1/projects/raahedeen-in-prod/locations/asia-south1/functions/bootstrapSeed:setIamPolicy 200
[debug] [2026-01-20T07:17:51.533Z] <<< [apiv2][body] POST https://cloudfunctions.googleapis.com/v1/projects/raahedeen-in-prod/locations/asia-south1/functions/bootstrapSeed:setIamPolicy {"version":1,"etag":"BwZIzJrsrcw=","bindings":[{"role":"roles/cloudfunctions.invoker","members":["allUsers"]}]}
[info] +  functions[bootstrapSeed(asia-south1)] Successful create operation. 
[debug] [2026-01-20T07:17:51.695Z] <<< [apiv2][status] POST https://cloudfunctions.googleapis.com/v1/projects/raahedeen-in-prod/locations/asia-south1/functions/setAdminRole:setIamPolicy 200
[debug] [2026-01-20T07:17:51.695Z] <<< [apiv2][body] POST https://cloudfunctions.googleapis.com/v1/projects/raahedeen-in-prod/locations/asia-south1/functions/setAdminRole:setIamPolicy {"version":1,"etag":"BwZIzJrvOpg=","bindings":[{"role":"roles/cloudfunctions.invoker","members":["allUsers"]}]}
[info] +  functions[setAdminRole(asia-south1)] Successful create operation. 
[debug] [2026-01-20T07:17:51.815Z] <<< [apiv2][status] POST https://cloudfunctions.googleapis.com/v1/projects/raahedeen-in-prod/locations/asia-south1/functions/listUsers:setIamPolicy 200
[debug] [2026-01-20T07:17:51.815Z] <<< [apiv2][body] POST https://cloudfunctions.googleapis.com/v1/projects/raahedeen-in-prod/locations/asia-south1/functions/listUsers:setIamPolicy {"version":1,"etag":"BwZIzJrw3RE=","bindings":[{"role":"roles/cloudfunctions.invoker","members":["allUsers"]}]}
[info] +  functions[listUsers(asia-south1)] Successful create operation. 
[debug] [2026-01-20T07:17:53.166Z] [create-default-asia-south1-computeFinder] Retrying task index 0
[debug] [2026-01-20T07:17:53.166Z] Checked if tokens are valid: true, expires at: 1768896130301
[debug] [2026-01-20T07:17:53.166Z] Checked if tokens are valid: true, expires at: 1768896130301
[debug] [2026-01-20T07:17:53.166Z] >>> [apiv2][query] GET https://cloudfunctions.googleapis.com/v1/operations/cHJvamVjdHMvcmFhaGVkZWVuLWluLXByb2QvbG9jYXRpb25zL2FzaWEtc291dGgxL29wZXJhdGlvbnMvb3BlcmF0aW9uLTE3Njg4OTMzNDkxOTEtNjQ4Y2M5M2I5NWRkYy02MTg1Yzc3My1jMWU3ZjhjNA [none]
[debug] [2026-01-20T07:17:53.412Z] <<< [apiv2][status] GET https://cloudfunctions.googleapis.com/v1/operations/cHJvamVjdHMvcmFhaGVkZWVuLWluLXByb2QvbG9jYXRpb25zL2FzaWEtc291dGgxL29wZXJhdGlvbnMvb3BlcmF0aW9uLTE3Njg4OTMzNDkxOTEtNjQ4Y2M5M2I5NWRkYy02MTg1Yzc3My1jMWU3ZjhjNA 200
[debug] [2026-01-20T07:17:53.412Z] <<< [apiv2][body] GET https://cloudfunctions.googleapis.com/v1/operations/cHJvamVjdHMvcmFhaGVkZWVuLWluLXByb2QvbG9jYXRpb25zL2FzaWEtc291dGgxL29wZXJhdGlvbnMvb3BlcmF0aW9uLTE3Njg4OTMzNDkxOTEtNjQ4Y2M5M2I5NWRkYy02MTg1Yzc3My1jMWU3ZjhjNA {"name":"operations/cHJvamVjdHMvcmFhaGVkZWVuLWluLXByb2QvbG9jYXRpb25zL2FzaWEtc291dGgxL29wZXJhdGlvbnMvb3BlcmF0aW9uLTE3Njg4OTMzNDkxOTEtNjQ4Y2M5M2I5NWRkYy02MTg1Yzc3My1jMWU3ZjhjNA","metadata":{"@type":"type.googleapis.com/google.cloud.functions.v1.OperationMetadataV1","target":"projects/raahedeen-in-prod/locations/asia-south1/functions/computeFinder","type":"CREATE_FUNCTION","request":{"@type":"type.googleapis.com/google.cloud.functions.v1.CloudFunction","name":"projects/raahedeen-in-prod/locations/asia-south1/functions/computeFinder","httpsTrigger":{"securityLevel":"SECURE_ALWAYS"},"entryPoint":"computeFinder","updateTime":"1970-01-01T00:00:00Z","labels":{"deployment-tool":"cli-firebase","deployment-callable":"true","firebase-functions-hash":"83eef2ab9d37363b4ef3845a455e14a8e118ac1e"},"sourceUploadUrl":"https://storage.googleapis.com/uploads-1078618715272.asia-south1.cloudfunctions.appspot.com/639d2add-6cd1-4677-8693-61e32dc3679b.zip?GoogleAccessId=service-856086369170@gcf-admin-robot.iam.gserviceaccount.com&Expires=1768895148&Signature=V8Nbxa4Icg7NextjUdJUuazR4uuxb7e9O2B4yGbHm0V8rdINxFABxdqerHCJ06BP5TaalJ1YJCwELhGwaz%2FNdYtf3QprZZEIxT7NPgmsjqyTqcGmDD8RyV4Cfd4pDW4BUW8HzgRrbbi26uisRPJoiAlW%2FME%2BEuif5P1SLGRQG0ad9hlBmKCZFpuiCk1WwhBhyl911THcFVqVatvemH3%2BX7sweMydJUzhX1nPo9nGZ9mARHsh33UJAoBddSugh8XVSrn6tZbALyQXXNUyFQMN9nowYEadJuJUqsM%2FdOaB0ZsxntPPS6x4y24Gdy86gfwmKcjvoiHFobejksACPgR83w%3D%3D","environmentVariables":{"FIREBASE_CONFIG":"{\"projectId\":\"raahedeen-in-prod\",\"storageBucket\":\"raahedeen-in-prod.firebasestorage.app\"}","GCLOUD_PROJECT":"raahedeen-in-prod","EVENTARC_CLOUD_EVENT_SOURCE":"projects/raahedeen-in-prod/locations/asia-south1/functions/computeFinder"},"runtime":"nodejs20","buildEnvironmentVariables":{"GOOGLE_NODE_RUN_SCRIPTS":""},"dockerRegistry":"ARTIFACT_REGISTRY"},"versionId":"1","updateTime":"2026-01-20T07:17:50.382752478Z","buildId":"8e3e4b29-d788-4b20-99a9-6d1d1e7724bd","sourceToken":"530f5358-f841-4b42-9f9f-3c5bc234e414","buildName":"projects/856086369170/locations/asia-south1/builds/8e3e4b29-d788-4b20-99a9-6d1d1e7724bd"},"done":true,"response":{"@type":"type.googleapis.com/google.cloud.functions.v1.CloudFunction","name":"projects/raahedeen-in-prod/locations/asia-south1/functions/computeFinder","httpsTrigger":{"url":"https://asia-south1-raahedeen-in-prod.cloudfunctions.net/computeFinder","securityLevel":"SECURE_ALWAYS"},"status":"ACTIVE","entryPoint":"computeFinder","timeout":"60s","availableMemoryMb":256,"serviceAccountEmail":"raahedeen-in-prod@appspot.gserviceaccount.com","updateTime":"2026-01-20T07:15:52.236139733Z","versionId":"1","labels":{"deployment-callable":"true","firebase-functions-hash":"83eef2ab9d37363b4ef3845a455e14a8e118ac1e","deployment-tool":"cli-firebase"},"sourceUploadUrl":"https://storage.googleapis.com/uploads-1078618715272.asia-south1.cloudfunctions.appspot.com/639d2add-6cd1-4677-8693-61e32dc3679b.zip","environmentVariables":{"FIREBASE_CONFIG":"{\"projectId\":\"raahedeen-in-prod\",\"storageBucket\":\"raahedeen-in-prod.firebasestorage.app\"}","GCLOUD_PROJECT":"raahedeen-in-prod","EVENTARC_CLOUD_EVENT_SOURCE":"projects/raahedeen-in-prod/locations/asia-south1/functions/computeFinder"},"runtime":"nodejs20","ingressSettings":"ALLOW_ALL","buildId":"8e3e4b29-d788-4b20-99a9-6d1d1e7724bd","buildEnvironmentVariables":{"GOOGLE_NODE_RUN_SCRIPTS":""},"buildName":"projects/856086369170/locations/asia-south1/builds/8e3e4b29-d788-4b20-99a9-6d1d1e7724bd","dockerRegistry":"ARTIFACT_REGISTRY","automaticUpdatePolicy":{},"buildServiceAccount":"projects/raahedeen-in-prod/serviceAccounts/856086369170-compute@developer.gserviceaccount.com","satisfiesPzs":true,"satisfiesPzi":true}}
[debug] [2026-01-20T07:17:53.412Z] Got source token 530f5358-f841-4b42-9f9f-3c5bc234e414 for region asia-south1
[debug] [2026-01-20T07:17:53.412Z] Checked if tokens are valid: true, expires at: 1768896130301
[debug] [2026-01-20T07:17:53.412Z] Checked if tokens are valid: true, expires at: 1768896130301
[debug] [2026-01-20T07:17:53.412Z] >>> [apiv2][query] POST https://cloudfunctions.googleapis.com/v1/projects/raahedeen-in-prod/locations/asia-south1/functions/computeFinder:setIamPolicy [none]
[debug] [2026-01-20T07:17:53.412Z] >>> [apiv2][body] POST https://cloudfunctions.googleapis.com/v1/projects/raahedeen-in-prod/locations/asia-south1/functions/computeFinder:setIamPolicy {"policy":{"bindings":[{"role":"roles/cloudfunctions.invoker","members":["allUsers"]}],"etag":"","version":3},"updateMask":"bindings,etag,version"}
[debug] [2026-01-20T07:17:54.124Z] <<< [apiv2][status] POST https://cloudfunctions.googleapis.com/v1/projects/raahedeen-in-prod/locations/asia-south1/functions/computeFinder:setIamPolicy 200
[debug] [2026-01-20T07:17:54.124Z] <<< [apiv2][body] POST https://cloudfunctions.googleapis.com/v1/projects/raahedeen-in-prod/locations/asia-south1/functions/computeFinder:setIamPolicy {"version":1,"etag":"BwZIzJsURWo=","bindings":[{"role":"roles/cloudfunctions.invoker","members":["allUsers"]}]}
[info] +  functions[computeFinder(asia-south1)] Successful create operation. 
[debug] [2026-01-20T07:18:00.690Z] [create-default-asia-south1-onAuthCreate] Retrying task index 0
[debug] [2026-01-20T07:18:00.691Z] Checked if tokens are valid: true, expires at: 1768896130301
[debug] [2026-01-20T07:18:00.691Z] Checked if tokens are valid: true, expires at: 1768896130301
[debug] [2026-01-20T07:18:00.691Z] >>> [apiv2][query] GET https://cloudfunctions.googleapis.com/v1/operations/cHJvamVjdHMvcmFhaGVkZWVuLWluLXByb2QvbG9jYXRpb25zL2FzaWEtc291dGgxL29wZXJhdGlvbnMvb3BlcmF0aW9uLTE3Njg4OTM0NTIwNTUtNjQ4Y2M5OWRhZjM0Mi00Mjc5YjZhNC03ZTM3MTFlMA [none]
[debug] [2026-01-20T07:18:00.903Z] <<< [apiv2][status] GET https://cloudfunctions.googleapis.com/v1/operations/cHJvamVjdHMvcmFhaGVkZWVuLWluLXByb2QvbG9jYXRpb25zL2FzaWEtc291dGgxL29wZXJhdGlvbnMvb3BlcmF0aW9uLTE3Njg4OTM0NTIwNTUtNjQ4Y2M5OWRhZjM0Mi00Mjc5YjZhNC03ZTM3MTFlMA 200
[debug] [2026-01-20T07:18:00.904Z] <<< [apiv2][body] GET https://cloudfunctions.googleapis.com/v1/operations/cHJvamVjdHMvcmFhaGVkZWVuLWluLXByb2QvbG9jYXRpb25zL2FzaWEtc291dGgxL29wZXJhdGlvbnMvb3BlcmF0aW9uLTE3Njg4OTM0NTIwNTUtNjQ4Y2M5OWRhZjM0Mi00Mjc5YjZhNC03ZTM3MTFlMA {"name":"operations/cHJvamVjdHMvcmFhaGVkZWVuLWluLXByb2QvbG9jYXRpb25zL2FzaWEtc291dGgxL29wZXJhdGlvbnMvb3BlcmF0aW9uLTE3Njg4OTM0NTIwNTUtNjQ4Y2M5OWRhZjM0Mi00Mjc5YjZhNC03ZTM3MTFlMA","metadata":{"@type":"type.googleapis.com/google.cloud.functions.v1.OperationMetadataV1","target":"projects/raahedeen-in-prod/locations/asia-south1/functions/onAuthCreate","type":"CREATE_FUNCTION","request":{"@type":"type.googleapis.com/google.cloud.functions.v1.CloudFunction","name":"projects/raahedeen-in-prod/locations/asia-south1/functions/onAuthCreate","eventTrigger":{"eventType":"providers/firebase.auth/eventTypes/user.create","resource":"projects/raahedeen-in-prod","failurePolicy":{}},"entryPoint":"onAuthCreate","updateTime":"1970-01-01T00:00:00Z","labels":{"deployment-tool":"cli-firebase","firebase-functions-hash":"83eef2ab9d37363b4ef3845a455e14a8e118ac1e"},"sourceUploadUrl":"https://storage.googleapis.com/uploads-1078618715272.asia-south1.cloudfunctions.appspot.com/639d2add-6cd1-4677-8693-61e32dc3679b.zip?GoogleAccessId=service-856086369170@gcf-admin-robot.iam.gserviceaccount.com&Expires=1768895148&Signature=V8Nbxa4Icg7NextjUdJUuazR4uuxb7e9O2B4yGbHm0V8rdINxFABxdqerHCJ06BP5TaalJ1YJCwELhGwaz%2FNdYtf3QprZZEIxT7NPgmsjqyTqcGmDD8RyV4Cfd4pDW4BUW8HzgRrbbi26uisRPJoiAlW%2FME%2BEuif5P1SLGRQG0ad9hlBmKCZFpuiCk1WwhBhyl911THcFVqVatvemH3%2BX7sweMydJUzhX1nPo9nGZ9mARHsh33UJAoBddSugh8XVSrn6tZbALyQXXNUyFQMN9nowYEadJuJUqsM%2FdOaB0ZsxntPPS6x4y24Gdy86gfwmKcjvoiHFobejksACPgR83w%3D%3D","environmentVariables":{"FIREBASE_CONFIG":"{\"projectId\":\"raahedeen-in-prod\",\"storageBucket\":\"raahedeen-in-prod.firebasestorage.app\"}","GCLOUD_PROJECT":"raahedeen-in-prod","EVENTARC_CLOUD_EVENT_SOURCE":"projects/raahedeen-in-prod/locations/asia-south1/functions/onAuthCreate"},"runtime":"nodejs20","buildEnvironmentVariables":{"GOOGLE_NODE_RUN_SCRIPTS":""},"sourceToken":"530f5358-f841-4b42-9f9f-3c5bc234e414","dockerRegistry":"ARTIFACT_REGISTRY"},"versionId":"1","updateTime":"2026-01-20T07:17:32.488402058Z","buildId":"8e3e4b29-d788-4b20-99a9-6d1d1e7724bd","sourceToken":"530f5358-f841-4b42-9f9f-3c5bc234e414","buildName":"projects/856086369170/locations/asia-south1/builds/8e3e4b29-d788-4b20-99a9-6d1d1e7724bd"}}
[debug] [2026-01-20T07:18:00.904Z] Got source token 530f5358-f841-4b42-9f9f-3c5bc234e414 for region asia-south1
[debug] [2026-01-20T07:18:10.914Z] [create-default-asia-south1-onAuthCreate] Retrying task index 0
[debug] [2026-01-20T07:18:10.914Z] Checked if tokens are valid: true, expires at: 1768896130301
[debug] [2026-01-20T07:18:10.915Z] Checked if tokens are valid: true, expires at: 1768896130301
[debug] [2026-01-20T07:18:10.915Z] >>> [apiv2][query] GET https://cloudfunctions.googleapis.com/v1/operations/cHJvamVjdHMvcmFhaGVkZWVuLWluLXByb2QvbG9jYXRpb25zL2FzaWEtc291dGgxL29wZXJhdGlvbnMvb3BlcmF0aW9uLTE3Njg4OTM0NTIwNTUtNjQ4Y2M5OWRhZjM0Mi00Mjc5YjZhNC03ZTM3MTFlMA [none]
[debug] [2026-01-20T07:18:11.132Z] <<< [apiv2][status] GET https://cloudfunctions.googleapis.com/v1/operations/cHJvamVjdHMvcmFhaGVkZWVuLWluLXByb2QvbG9jYXRpb25zL2FzaWEtc291dGgxL29wZXJhdGlvbnMvb3BlcmF0aW9uLTE3Njg4OTM0NTIwNTUtNjQ4Y2M5OWRhZjM0Mi00Mjc5YjZhNC03ZTM3MTFlMA 200
[debug] [2026-01-20T07:18:11.132Z] <<< [apiv2][body] GET https://cloudfunctions.googleapis.com/v1/operations/cHJvamVjdHMvcmFhaGVkZWVuLWluLXByb2QvbG9jYXRpb25zL2FzaWEtc291dGgxL29wZXJhdGlvbnMvb3BlcmF0aW9uLTE3Njg4OTM0NTIwNTUtNjQ4Y2M5OWRhZjM0Mi00Mjc5YjZhNC03ZTM3MTFlMA {"name":"operations/cHJvamVjdHMvcmFhaGVkZWVuLWluLXByb2QvbG9jYXRpb25zL2FzaWEtc291dGgxL29wZXJhdGlvbnMvb3BlcmF0aW9uLTE3Njg4OTM0NTIwNTUtNjQ4Y2M5OWRhZjM0Mi00Mjc5YjZhNC03ZTM3MTFlMA","metadata":{"@type":"type.googleapis.com/google.cloud.functions.v1.OperationMetadataV1","target":"projects/raahedeen-in-prod/locations/asia-south1/functions/onAuthCreate","type":"CREATE_FUNCTION","request":{"@type":"type.googleapis.com/google.cloud.functions.v1.CloudFunction","name":"projects/raahedeen-in-prod/locations/asia-south1/functions/onAuthCreate","eventTrigger":{"eventType":"providers/firebase.auth/eventTypes/user.create","resource":"projects/raahedeen-in-prod","failurePolicy":{}},"entryPoint":"onAuthCreate","updateTime":"1970-01-01T00:00:00Z","labels":{"deployment-tool":"cli-firebase","firebase-functions-hash":"83eef2ab9d37363b4ef3845a455e14a8e118ac1e"},"sourceUploadUrl":"https://storage.googleapis.com/uploads-1078618715272.asia-south1.cloudfunctions.appspot.com/639d2add-6cd1-4677-8693-61e32dc3679b.zip?GoogleAccessId=service-856086369170@gcf-admin-robot.iam.gserviceaccount.com&Expires=1768895148&Signature=V8Nbxa4Icg7NextjUdJUuazR4uuxb7e9O2B4yGbHm0V8rdINxFABxdqerHCJ06BP5TaalJ1YJCwELhGwaz%2FNdYtf3QprZZEIxT7NPgmsjqyTqcGmDD8RyV4Cfd4pDW4BUW8HzgRrbbi26uisRPJoiAlW%2FME%2BEuif5P1SLGRQG0ad9hlBmKCZFpuiCk1WwhBhyl911THcFVqVatvemH3%2BX7sweMydJUzhX1nPo9nGZ9mARHsh33UJAoBddSugh8XVSrn6tZbALyQXXNUyFQMN9nowYEadJuJUqsM%2FdOaB0ZsxntPPS6x4y24Gdy86gfwmKcjvoiHFobejksACPgR83w%3D%3D","environmentVariables":{"FIREBASE_CONFIG":"{\"projectId\":\"raahedeen-in-prod\",\"storageBucket\":\"raahedeen-in-prod.firebasestorage.app\"}","GCLOUD_PROJECT":"raahedeen-in-prod","EVENTARC_CLOUD_EVENT_SOURCE":"projects/raahedeen-in-prod/locations/asia-south1/functions/onAuthCreate"},"runtime":"nodejs20","buildEnvironmentVariables":{"GOOGLE_NODE_RUN_SCRIPTS":""},"sourceToken":"530f5358-f841-4b42-9f9f-3c5bc234e414","dockerRegistry":"ARTIFACT_REGISTRY"},"versionId":"1","updateTime":"2026-01-20T07:17:32.488402058Z","buildId":"8e3e4b29-d788-4b20-99a9-6d1d1e7724bd","sourceToken":"530f5358-f841-4b42-9f9f-3c5bc234e414","buildName":"projects/856086369170/locations/asia-south1/builds/8e3e4b29-d788-4b20-99a9-6d1d1e7724bd"}}
[debug] [2026-01-20T07:18:11.132Z] Got source token 530f5358-f841-4b42-9f9f-3c5bc234e414 for region asia-south1
[debug] [2026-01-20T07:18:21.147Z] [create-default-asia-south1-onAuthCreate] Retrying task index 0
[debug] [2026-01-20T07:18:21.147Z] Checked if tokens are valid: true, expires at: 1768896130301
[debug] [2026-01-20T07:18:21.147Z] Checked if tokens are valid: true, expires at: 1768896130301
[debug] [2026-01-20T07:18:21.147Z] >>> [apiv2][query] GET https://cloudfunctions.googleapis.com/v1/operations/cHJvamVjdHMvcmFhaGVkZWVuLWluLXByb2QvbG9jYXRpb25zL2FzaWEtc291dGgxL29wZXJhdGlvbnMvb3BlcmF0aW9uLTE3Njg4OTM0NTIwNTUtNjQ4Y2M5OWRhZjM0Mi00Mjc5YjZhNC03ZTM3MTFlMA [none]
[debug] [2026-01-20T07:18:21.472Z] <<< [apiv2][status] GET https://cloudfunctions.googleapis.com/v1/operations/cHJvamVjdHMvcmFhaGVkZWVuLWluLXByb2QvbG9jYXRpb25zL2FzaWEtc291dGgxL29wZXJhdGlvbnMvb3BlcmF0aW9uLTE3Njg4OTM0NTIwNTUtNjQ4Y2M5OWRhZjM0Mi00Mjc5YjZhNC03ZTM3MTFlMA 200
[debug] [2026-01-20T07:18:21.472Z] <<< [apiv2][body] GET https://cloudfunctions.googleapis.com/v1/operations/cHJvamVjdHMvcmFhaGVkZWVuLWluLXByb2QvbG9jYXRpb25zL2FzaWEtc291dGgxL29wZXJhdGlvbnMvb3BlcmF0aW9uLTE3Njg4OTM0NTIwNTUtNjQ4Y2M5OWRhZjM0Mi00Mjc5YjZhNC03ZTM3MTFlMA {"name":"operations/cHJvamVjdHMvcmFhaGVkZWVuLWluLXByb2QvbG9jYXRpb25zL2FzaWEtc291dGgxL29wZXJhdGlvbnMvb3BlcmF0aW9uLTE3Njg4OTM0NTIwNTUtNjQ4Y2M5OWRhZjM0Mi00Mjc5YjZhNC03ZTM3MTFlMA","metadata":{"@type":"type.googleapis.com/google.cloud.functions.v1.OperationMetadataV1","target":"projects/raahedeen-in-prod/locations/asia-south1/functions/onAuthCreate","type":"CREATE_FUNCTION","request":{"@type":"type.googleapis.com/google.cloud.functions.v1.CloudFunction","name":"projects/raahedeen-in-prod/locations/asia-south1/functions/onAuthCreate","eventTrigger":{"eventType":"providers/firebase.auth/eventTypes/user.create","resource":"projects/raahedeen-in-prod","failurePolicy":{}},"entryPoint":"onAuthCreate","updateTime":"1970-01-01T00:00:00Z","labels":{"deployment-tool":"cli-firebase","firebase-functions-hash":"83eef2ab9d37363b4ef3845a455e14a8e118ac1e"},"sourceUploadUrl":"https://storage.googleapis.com/uploads-1078618715272.asia-south1.cloudfunctions.appspot.com/639d2add-6cd1-4677-8693-61e32dc3679b.zip?GoogleAccessId=service-856086369170@gcf-admin-robot.iam.gserviceaccount.com&Expires=1768895148&Signature=V8Nbxa4Icg7NextjUdJUuazR4uuxb7e9O2B4yGbHm0V8rdINxFABxdqerHCJ06BP5TaalJ1YJCwELhGwaz%2FNdYtf3QprZZEIxT7NPgmsjqyTqcGmDD8RyV4Cfd4pDW4BUW8HzgRrbbi26uisRPJoiAlW%2FME%2BEuif5P1SLGRQG0ad9hlBmKCZFpuiCk1WwhBhyl911THcFVqVatvemH3%2BX7sweMydJUzhX1nPo9nGZ9mARHsh33UJAoBddSugh8XVSrn6tZbALyQXXNUyFQMN9nowYEadJuJUqsM%2FdOaB0ZsxntPPS6x4y24Gdy86gfwmKcjvoiHFobejksACPgR83w%3D%3D","environmentVariables":{"FIREBASE_CONFIG":"{\"projectId\":\"raahedeen-in-prod\",\"storageBucket\":\"raahedeen-in-prod.firebasestorage.app\"}","GCLOUD_PROJECT":"raahedeen-in-prod","EVENTARC_CLOUD_EVENT_SOURCE":"projects/raahedeen-in-prod/locations/asia-south1/functions/onAuthCreate"},"runtime":"nodejs20","buildEnvironmentVariables":{"GOOGLE_NODE_RUN_SCRIPTS":""},"sourceToken":"530f5358-f841-4b42-9f9f-3c5bc234e414","dockerRegistry":"ARTIFACT_REGISTRY"},"versionId":"1","updateTime":"2026-01-20T07:18:12.990810953Z","buildId":"8e3e4b29-d788-4b20-99a9-6d1d1e7724bd","sourceToken":"530f5358-f841-4b42-9f9f-3c5bc234e414","buildName":"projects/856086369170/locations/asia-south1/builds/8e3e4b29-d788-4b20-99a9-6d1d1e7724bd"},"done":true,"response":{"@type":"type.googleapis.com/google.cloud.functions.v1.CloudFunction","name":"projects/raahedeen-in-prod/locations/asia-south1/functions/onAuthCreate","eventTrigger":{"eventType":"providers/firebase.auth/eventTypes/user.create","resource":"projects/raahedeen-in-prod","service":"firebaseauth.googleapis.com","failurePolicy":{}},"status":"ACTIVE","entryPoint":"onAuthCreate","timeout":"60s","availableMemoryMb":256,"serviceAccountEmail":"raahedeen-in-prod@appspot.gserviceaccount.com","updateTime":"2026-01-20T07:17:32.483446037Z","versionId":"1","labels":{"deployment-tool":"cli-firebase","firebase-functions-hash":"83eef2ab9d37363b4ef3845a455e14a8e118ac1e"},"sourceUploadUrl":"https://storage.googleapis.com/uploads-1078618715272.asia-south1.cloudfunctions.appspot.com/639d2add-6cd1-4677-8693-61e32dc3679b.zip","environmentVariables":{"FIREBASE_CONFIG":"{\"projectId\":\"raahedeen-in-prod\",\"storageBucket\":\"raahedeen-in-prod.firebasestorage.app\"}","GCLOUD_PROJECT":"raahedeen-in-prod","EVENTARC_CLOUD_EVENT_SOURCE":"projects/raahedeen-in-prod/locations/asia-south1/functions/onAuthCreate"},"runtime":"nodejs20","maxInstances":3000,"ingressSettings":"ALLOW_ALL","buildId":"8e3e4b29-d788-4b20-99a9-6d1d1e7724bd","buildEnvironmentVariables":{"GOOGLE_NODE_RUN_SCRIPTS":""},"buildName":"projects/856086369170/locations/asia-south1/builds/8e3e4b29-d788-4b20-99a9-6d1d1e7724bd","dockerRegistry":"ARTIFACT_REGISTRY","automaticUpdatePolicy":{},"buildServiceAccount":"projects/raahedeen-in-prod/serviceAccounts/856086369170-compute@developer.gserviceaccount.com","satisfiesPzs":true,"satisfiesPzi":true}}
[debug] [2026-01-20T07:18:21.472Z] Got source token 530f5358-f841-4b42-9f9f-3c5bc234e414 for region asia-south1
[info] +  functions[onAuthCreate(asia-south1)] Successful create operation. 
[debug] [2026-01-20T07:18:21.480Z] Total Function Deployment time: 151115
[debug] [2026-01-20T07:18:21.480Z] 7 Functions Deployed
[debug] [2026-01-20T07:18:21.480Z] 0 Functions Errored
[debug] [2026-01-20T07:18:21.480Z] 0 Function Deployments Aborted
[debug] [2026-01-20T07:18:21.480Z] Average Function Deployment time: 125876.57142857143
[debug] [2026-01-20T07:18:21.611Z] Checked if tokens are valid: true, expires at: 1768896130301
[debug] [2026-01-20T07:18:21.612Z] Checked if tokens are valid: true, expires at: 1768896130301
[debug] [2026-01-20T07:18:21.612Z] >>> [apiv2][query] GET https://artifactregistry.googleapis.com/v1/projects/raahedeen-in-prod/locations/asia-south1/repositories/gcf-artifacts [none]
[debug] [2026-01-20T07:18:21.917Z] <<< [apiv2][status] GET https://artifactregistry.googleapis.com/v1/projects/raahedeen-in-prod/locations/asia-south1/repositories/gcf-artifacts 200
[debug] [2026-01-20T07:18:21.917Z] <<< [apiv2][body] GET https://artifactregistry.googleapis.com/v1/projects/raahedeen-in-prod/locations/asia-south1/repositories/gcf-artifacts {"name":"projects/raahedeen-in-prod/locations/asia-south1/repositories/gcf-artifacts","format":"DOCKER","description":"This repository is created and used by Cloud Functions for storing function docker images.","labels":{"goog-managed-by":"cloudfunctions"},"createTime":"2026-01-20T07:16:10.055578Z","updateTime":"2026-01-20T07:17:14.621704Z","mode":"STANDARD_REPOSITORY","sizeBytes":"495953691","satisfiesPzs":true,"vulnerabilityScanningConfig":{"lastEnableTime":"2026-01-20T07:15:58.308740847Z","enablementState":"SCANNING_DISABLED","enablementStateReason":"API containerscanning.googleapis.com is not enabled."},"satisfiesPzi":true,"registryUri":"asia-south1-docker.pkg.dev/raahedeen-in-prod/gcf-artifacts"}
[warn] !  functions: No cleanup policy detected for repositories in asia-south1. This may result in a small monthly bill as container images accumulate over time. 
